LEVCODE,LEVEL,GEOID,AIAN,ANRC,ST,CNTY,MCD,LANCOUNT,NAMELSAD,LANGUAGE,POP,MPOP,VAPOP,MVAPOP,VACIT,MVACIT,VACLEP,MVACLEP,ILLIT,MILLIT,LEPPCT,MLEPPCT,ILLRAT,MILLRAT,FLAG10,FLAG5,FLAG_EDU,FLAG_ST,FLAG_JUR,FLAG_AI,FLAG_COV,total_population_vacit,lep_percentage,illiteracy_rate,coverage
3,County,2013,0,0,2,13,NNNNN,2,"Aleutians East Borough, Alaska",Hispanic,440.0,105.0,395.0,105.0,160.0,50.0,95.0,25.0,4.0,10.0,5.5556,1.3563,4.2105,15.339,0,1,1, ,1,0,1,1710.0,0.05555555555555555,0.042105263157894736,True
3,County,2013,0,0,2,13,NNNNN,9,"Aleutians East Borough, Alaska",American Indian (Cherokee),60.0,90.0,60.0,90.0,60.0,90.0,0.0,4.0,0.0,0.0,0.0,0.0763,0.0,54.7571,0,0,0, ,0,0,0,1710.0,0.0,,False
3,County,2013,0,0,2,13,NNNNN,48,"Aleutians East Borough, Alaska",Aleut,880.0,210.0,620.0,155.0,620.0,155.0,4.0,4.0,0.0,4.0,0.2339,0.3529,0.0,33.6363,0,0,0, ,0,0,0,1710.0,0.0023391812865497076,0.0,False
3,County,2013,0,0,2,13,NNNNN,53,"Aleutians East Borough, Alaska",Alaska Native Tribe - Tribe not Specified,15.0,10.0,4.0,4.0,4.0,4.0,0.0,4.0,0.0,0.0,0.0,0.0479,0.0,53.4638,0,0,0, ,0,0,0,1710.0,0.0,,False
3,County,2013,0,0,2,13,NNNNN,60,"Aleutians East Borough, Alaska",Filipino,1030.0,240.0,1010.0,240.0,385.0,125.0,210.0,70.0,4.0,10.0,12.2807,4.1243,1.9048,4.0135,0,1,1, ,1,0,1,1710.0,0.12280701754385964,0.01904761904761905,True
3,County,2013,0,0,2,13,NNNNN,63,"Aleutians East Borough, Alaska",Japanese,15.0,20.0,15.0,20.0,10.0,15.0,4.0,4.0,0.0,0.0,0.2339,0.0641,0.0,23.8713,0,0,0, ,0,0,0,1710.0,0.0023391812865497076,0.0,False
3,County,2013,0,0,2,13,NNNNN,70,"Aleutians East Borough, Alaska",Vietnamese,35.0,40.0,30.0,40.0,20.0,30.0,15.0,15.0,4.0,4.0,0.8772,1.0144,26.6667,21.679,0,0,1, ,0,0,0,1710.0,0.008771929824561403,0.26666666666666666,False
3,County,2016,0,0,2,16,NNNNN,2,"Aleutians West Census Area, Alaska",Hispanic,595.0,115.0,490.0,105.0,390.0,90.0,60.0,25.0,10.0,10.0,1.6173,0.677,16.6667,13.7104,0,0,1, ,0,0,0,3710.0,0.016172506738544475,0.16666666666666666,False
3,County,2016,0,0,2,16,NNNNN,9,"Aleutians West Census Area, Alaska",American Indian (Cherokee),30.0,50.0,30.0,50.0,30.0,50.0,0.0,4.0,0.0,0.0,0.0,0.0288,0.0,36.6161,0,0,0, ,0,0,0,3710.0,0.0,,False
3,County,2016,0,0,2,16,NNNNN,45,"Aleutians West Census Area, Alaska",American Indian (All other American Indian Tribes),4.0,4.0,4.0,4.0,4.0,4.0,4.0,0.0,0.0,0.0,0.1078,0.0064,0.0,63.9908,0,0,0, ,0,0,0,3710.0,0.001078167115902965,0.0,False
3,County,2016,0,0,2,16,NNNNN,48,"Aleutians West Census Area, Alaska",Aleut,840.0,80.0,610.0,60.0,610.0,60.0,10.0,4.0,4.0,4.0,0.2695,0.1519,40.0,37.6165,0,0,1, ,0,1,1,3710.0,0.0026954177897574125,0.4,False
3,County,2016,0,0,2,16,NNNNN,49,"Aleutians West Census Area, Alaska",Inupiat,20.0,10.0,15.0,10.0,15.0,10.0,4.0,4.0,0.0,4.0,0.1078,0.0742,0.0,41.4351,0,0,0, ,0,0,0,3710.0,0.001078167115902965,0.0,False
3,County,2016,0,0,2,16,NNNNN,50,"Aleutians West Census Area, Alaska",Tlingit-Haida,10.0,10.0,4.0,4.0,4.0,4.0,0.0,0.0,0.0,0.0,0.0,0.0109,0.0,30.9569,0,0,0, ,0,0,0,3710.0,0.0,,False
3,County,2016,0,0,2,16,NNNNN,52,"Aleutians West Census Area, Alaska",Yup'ik,35.0,20.0,20.0,15.0,20.0,15.0,4.0,4.0,0.0,4.0,0.1078,0.1035,0.0,68.8067,0,0,0, ,0,0,0,3710.0,0.001078167115902965,0.0,False
3,County,2016,0,0,2,16,NNNNN,53,"Aleutians West Census Area, Alaska",Alaska Native Tribe - Tribe not Specified,20.0,15.0,10.0,4.0,10.0,4.0,0.0,4.0,0.0,0.0,0.0,0.03,0.0,56.2592,0,0,0, ,0,0,0,3710.0,0.0,,False
3,County,2016,0,0,2,16,NNNNN,59,"Aleutians West Census Area, Alaska",Chinese (including Taiwanese),10.0,10.0,10.0,10.0,10.0,10.0,4.0,4.0,0.0,4.0,0.1078,0.1014,0.0,32.5118,0,0,0, ,0,0,0,3710.0,0.001078167115902965,0.0,False
3,County,2016,0,0,2,16,NNNNN,60,"Aleutians West Census Area, Alaska",Filipino,1755.0,150.0,1455.0,150.0,765.0,100.0,310.0,70.0,10.0,10.0,8.3558,1.8247,3.2258,3.909,0,1,1, ,1,0,1,3710.0,0.08355795148247978,0.03225806451612903,True
3,County,2016,0,0,2,16,NNNNN,64,"Aleutians West Census Area, Alaska",Korean,90.0,50.0,70.0,45.0,55.0,35.0,25.0,20.0,4.0,4.0,0.6739,0.5022,16.0,15.1618,0,0,1, ,0,0,0,3710.0,0.006738544474393531,0.16,False
3,County,2016,0,0,2,16,NNNNN,70,"Aleutians West Census Area, Alaska",Vietnamese,250.0,80.0,215.0,75.0,135.0,60.0,75.0,45.0,4.0,10.0,2.0216,1.2021,5.3333,8.3431,0,0,1, ,0,0,0,3710.0,0.02021563342318059,0.05333333333333334,False
3,County,2020,0,0,2,20,NNNNN,2,"Anchorage Municipality, Alaska",Hispanic,24685.0,0.0,15740.0,10.0,13450.0,340.0,1620.0,230.0,130.0,85.0,0.766,0.1077,8.0247,6.5412,0,0,1, ,0,0,0,211490.0,0.007659936640030261,0.08024691358024691,False
3,County,2020,0,0,2,20,NNNNN,4,"Anchorage Municipality, Alaska",American Indian (Apache),350.0,200.0,195.0,130.0,180.0,125.0,10.0,10.0,0.0,4.0,0.0047,0.0049,0.0,40.2857,0,0,0, ,0,0,0,211490.0,4.728355950635964e-05,0.0,False
3,County,2020,0,0,2,20,NNNNN,6,"Anchorage Municipality, Alaska",American Indian (Blackfeet),550.0,310.0,275.0,140.0,275.0,140.0,4.0,4.0,0.0,4.0,0.0019,0.0019,0.0,48.1947,0,0,0, ,0,0,0,211490.0,1.8913423802543857e-05,0.0,False
3,County,2020,0,0,2,20,NNNNN,7,"Anchorage Municipality, Alaska",American Indian (Canadian and French American Indian),55.0,60.0,45.0,45.0,45.0,40.0,4.0,4.0,0.0,4.0,0.0019,0.0013,0.0,43.6497,0,0,0, ,0,0,0,211490.0,1.8913423802543857e-05,0.0,False
3,County,2020,0,0,2,20,NNNNN,9,"Anchorage Municipality, Alaska",American Indian (Cherokee),1670.0,415.0,1285.0,310.0,1280.0,305.0,10.0,10.0,0.0,4.0,0.0047,0.0057,0.0,23.6044,0,0,0, ,0,0,0,211490.0,4.728355950635964e-05,0.0,False
3,County,2020,0,0,2,20,NNNNN,11,"Anchorage Municipality, Alaska",American Indian (Chickasaw),205.0,240.0,70.0,60.0,70.0,60.0,0.0,4.0,0.0,4.0,0.0,0.001,0.0,70.2445,0,0,0, ,0,0,0,211490.0,0.0,,False
3,County,2020,0,0,2,20,NNNNN,12,"Anchorage Municipality, Alaska",American Indian (Chippewa),285.0,185.0,245.0,140.0,245.0,140.0,4.0,4.0,0.0,4.0,0.0019,0.0015,0.0,31.9563,0,0,0, ,0,0,0,211490.0,1.8913423802543857e-05,0.0,False
3,County,2020,0,0,2,20,NNNNN,13,"Anchorage Municipality, Alaska",American Indian (Choctaw),445.0,285.0,365.0,230.0,365.0,230.0,4.0,10.0,0.0,4.0,0.0019,0.0042,0.0,49.6425,0,0,0, ,0,0,0,211490.0,1.8913423802543857e-05,0.0,False
3,County,2020,0,0,2,20,NNNNN,17,"Anchorage Municipality, Alaska",American Indian (Creek),345.0,325.0,210.0,195.0,210.0,195.0,0.0,4.0,0.0,4.0,0.0,0.0015,0.0,51.4355,0,0,0, ,0,0,0,211490.0,0.0,,False
3,County,2020,0,0,2,20,NNNNN,18,"Anchorage Municipality, Alaska",American Indian (Crow),65.0,80.0,65.0,80.0,65.0,80.0,4.0,4.0,0.0,0.0,0.0019,0.0021,0.0,37.5473,0,0,0, ,0,0,0,211490.0,1.8913423802543857e-05,0.0,False
3,County,2020,0,0,2,20,NNNNN,26,"Anchorage Municipality, Alaska",American Indian (Mexican American Indian),140.0,100.0,115.0,75.0,110.0,75.0,10.0,15.0,4.0,4.0,0.0047,0.0069,40.0,39.6851,0,0,1, ,0,0,0,211490.0,4.728355950635964e-05,0.4,False
3,County,2020,0,0,2,20,NNNNN,27,"Anchorage Municipality, Alaska",American Indian (Navajo),520.0,250.0,355.0,175.0,355.0,175.0,20.0,35.0,4.0,20.0,0.0095,0.0155,20.0,54.0654,0,0,1, ,0,0,0,211490.0,9.456711901271928e-05,0.2,False
3,County,2020,0,0,2,20,NNNNN,28,"Anchorage Municipality, Alaska",American Indian (Osage),50.0,40.0,30.0,25.0,30.0,25.0,0.0,4.0,0.0,0.0,0.0,0.0005,0.0,74.3293,0,0,0, ,0,0,0,211490.0,0.0,,False
3,County,2020,0,0,2,20,NNNNN,29,"Anchorage Municipality, Alaska",American Indian (Ottawa),15.0,20.0,15.0,20.0,15.0,20.0,0.0,4.0,0.0,0.0,0.0,0.0004,0.0,45.3926,0,0,0, ,0,0,0,211490.0,0.0,,False
3,County,2020,0,0,2,20,NNNNN,30,"Anchorage Municipality, Alaska",American Indian (Paiute),135.0,190.0,95.0,140.0,95.0,140.0,4.0,4.0,0.0,4.0,0.0019,0.0025,0.0,60.2825,0,0,0, ,0,0,0,211490.0,1.8913423802543857e-05,0.0,False
3,County,2020,0,0,2,20,NNNNN,33,"Anchorage Municipality, Alaska",American Indian (Pueblo),140.0,120.0,140.0,120.0,140.0,120.0,4.0,25.0,0.0,4.0,0.0019,0.0113,0.0,37.0776,0,0,0, ,0,0,0,211490.0,1.8913423802543857e-05,0.0,False
3,County,2020,0,0,2,20,NNNNN,36,"Anchorage Municipality, Alaska",American Indian (Shoshone),50.0,50.0,50.0,50.0,50.0,50.0,0.0,4.0,0.0,0.0,0.0,0.001,0.0,9.5782,0,0,0, ,0,0,0,211490.0,0.0,,False
3,County,2020,0,0,2,20,NNNNN,37,"Anchorage Municipality, Alaska",American Indian (Sioux),485.0,330.0,250.0,150.0,250.0,150.0,4.0,4.0,0.0,4.0,0.0019,0.0025,0.0,19.1185,0,0,0, ,0,0,0,211490.0,1.8913423802543857e-05,0.0,False
3,County,2020,0,0,2,20,NNNNN,45,"Anchorage Municipality, Alaska",American Indian (All other American Indian Tribes),825.0,385.0,490.0,180.0,490.0,180.0,4.0,10.0,0.0,4.0,0.0019,0.0053,0.0,38.2999,0,0,0, ,0,0,0,211490.0,1.8913423802543857e-05,0.0,False
3,County,2020,0,0,2,20,NNNNN,46,"Anchorage Municipality, Alaska",American Indian - Tribe not Specified,145.0,70.0,105.0,60.0,100.0,55.0,4.0,4.0,0.0,4.0,0.0019,0.0035,0.0,38.7633,0,0,0, ,0,0,0,211490.0,1.8913423802543857e-05,0.0,False
3,County,2020,0,0,2,20,NNNNN,47,"Anchorage Municipality, Alaska",Alaskan Athabascan,5095.0,645.0,3325.0,460.0,3325.0,460.0,60.0,65.0,15.0,30.0,0.0284,0.0314,25.0,21.7219,0,0,1, ,0,0,0,211490.0,0.00028370135703815785,0.25,False
3,County,2020,0,0,2,20,NNNNN,48,"Anchorage Municipality, Alaska",Aleut,4245.0,910.0,2595.0,490.0,2595.0,490.0,20.0,25.0,10.0,10.0,0.0095,0.0129,50.0,37.4474,0,0,1, ,0,0,0,211490.0,9.456711901271928e-05,0.5,False
3,County,2020,0,0,2,20,NNNNN,49,"Anchorage Municipality, Alaska",Inupiat,8030.0,1140.0,4925.0,650.0,4925.0,650.0,150.0,95.0,4.0,35.0,0.0709,0.0457,2.6667,14.5541,0,0,1, ,0,0,0,211490.0,0.0007092533925953945,0.02666666666666667,False
3,County,2020,0,0,2,20,NNNNN,50,"Anchorage Municipality, Alaska",Tlingit-Haida,2370.0,480.0,1490.0,325.0,1490.0,325.0,15.0,15.0,4.0,4.0,0.0071,0.0072,26.6667,28.7085,0,0,1, ,0,0,0,211490.0,7.092533925953946e-05,0.26666666666666666,False
3,County,2020,0,0,2,20,NNNNN,51,"Anchorage Municipality, Alaska",Tsimshian,95.0,70.0,90.0,70.0,90.0,70.0,0.0,4.0,0.0,0.0,0.0,0.002,0.0,51.5561,0,0,0, ,0,0,0,211490.0,0.0,,False
3,County,2020,0,0,2,20,NNNNN,52,"Anchorage Municipality, Alaska",Yup'ik,7015.0,1050.0,4030.0,575.0,4025.0,570.0,470.0,150.0,25.0,50.0,0.2222,0.071,5.3191,20.0025,0,0,1, ,0,0,0,211490.0,0.0022223272967989032,0.05319148936170213,False
3,County,2020,0,0,2,20,NNNNN,53,"Anchorage Municipality, Alaska",Alaska Native Tribe - Tribe not Specified,5200.0,710.0,3425.0,450.0,3420.0,445.0,65.0,65.0,15.0,25.0,0.0307,0.031,23.0769,16.7548,0,0,1, ,0,0,0,211490.0,0.00030734313679133766,0.23076923076923078,False
3,County,2020,0,0,2,20,NNNNN,54,"Anchorage Municipality, Alaska",American Indian (American Indian or Alaska Native - Not Specified),105.0,75.0,85.0,55.0,80.0,55.0,4.0,4.0,0.0,4.0,0.0019,0.0031,0.0,58.2221,0,0,0, ,0,0,0,211490.0,1.8913423802543857e-05,0.0,False
3,County,2020,0,0,2,20,NNNNN,56,"Anchorage Municipality, Alaska",Asian Indian,690.0,285.0,460.0,190.0,305.0,135.0,75.0,30.0,4.0,10.0,0.0355,0.0154,5.3333,16.9596,0,0,1, ,0,0,0,211490.0,0.00035462669629769726,0.05333333333333334,False
3,County,2020,0,0,2,20,NNNNN,57,"Anchorage Municipality, Alaska",Bangladeshi,195.0,220.0,180.0,200.0,70.0,75.0,35.0,45.0,4.0,4.0,0.0165,0.0208,11.4286,16.5615,0,0,1, ,0,0,0,211490.0,0.00016549245827225873,0.11428571428571428,False
3,County,2020,0,0,2,20,NNNNN,58,"Anchorage Municipality, Alaska",Cambodian,340.0,225.0,135.0,95.0,115.0,80.0,65.0,45.0,20.0,20.0,0.0307,0.0206,30.7692,28.4404,0,0,1, ,0,0,0,211490.0,0.00030734313679133766,0.3076923076923077,False
3,County,2020,0,0,2,20,NNNNN,59,"Anchorage Municipality, Alaska",Chinese (including Taiwanese),2305.0,630.0,1655.0,505.0,1415.0,435.0,415.0,130.0,25.0,30.0,0.1962,0.0615,6.0241,9.0972,0,0,1, ,0,0,0,211490.0,0.001962267719513925,0.060240963855421686,False
3,County,2020,0,0,2,20,NNNNN,60,"Anchorage Municipality, Alaska",Filipino,13835.0,1595.0,9670.0,1015.0,7235.0,805.0,1895.0,310.0,150.0,65.0,0.896,0.1461,7.9156,3.6002,0,0,1, ,0,0,0,211490.0,0.008960234526455151,0.079155672823219,False
3,County,2020,0,0,2,20,NNNNN,61,"Anchorage Municipality, Alaska",Hmong,4190.0,1240.0,1860.0,585.0,1200.0,465.0,620.0,275.0,140.0,135.0,0.2932,0.1295,22.5806,12.4816,0,0,1, ,0,0,0,211490.0,0.0029315806893942978,0.22580645161290322,False
3,County,2020,0,0,2,20,NNNNN,62,"Anchorage Municipality, Alaska",Indonesian,35.0,45.0,25.0,30.0,15.0,15.0,4.0,4.0,0.0,0.0,0.0019,0.0018,0.0,16.1037,0,0,0, ,0,0,0,211490.0,1.8913423802543857e-05,0.0,False
3,County,2020,0,0,2,20,NNNNN,63,"Anchorage Municipality, Alaska",Japanese,2885.0,645.0,1940.0,335.0,1645.0,295.0,65.0,40.0,4.0,10.0,0.0307,0.0196,6.1538,8.731,0,0,1, ,0,0,0,211490.0,0.00030734313679133766,0.06153846153846154,False
3,County,2020,0,0,2,20,NNNNN,64,"Anchorage Municipality, Alaska",Korean,4645.0,800.0,3410.0,545.0,2655.0,440.0,1050.0,210.0,110.0,35.0,0.4965,0.1002,10.4762,4.3301,0,0,1, ,0,0,0,211490.0,0.004964773748167762,0.10476190476190476,False
3,County,2020,0,0,2,20,NNNNN,65,"Anchorage Municipality, Alaska",Laotian,1885.0,510.0,1060.0,285.0,765.0,230.0,350.0,130.0,90.0,60.0,0.1655,0.0608,25.7143,13.2044,0,0,1, ,0,0,0,211490.0,0.0016549245827225873,0.2571428571428571,False
3,County,2020,0,0,2,20,NNNNN,67,"Anchorage Municipality, Alaska",Pakastani,160.0,165.0,90.0,85.0,45.0,45.0,25.0,25.0,4.0,4.0,0.0118,0.0108,16.0,18.0608,0,0,1, ,0,0,0,211490.0,0.0001182088987658991,0.16,False
3,County,2020,0,0,2,20,NNNNN,69,"Anchorage Municipality, Alaska",Thai,1410.0,400.0,845.0,250.0,530.0,170.0,145.0,55.0,40.0,15.0,0.0686,0.0256,27.5862,13.8874,0,0,1, ,0,0,0,211490.0,0.0006856116128422147,0.27586206896551724,False
3,County,2020,0,0,2,20,NNNNN,70,"Anchorage Municipality, Alaska",Vietnamese,675.0,295.0,425.0,190.0,360.0,160.0,155.0,80.0,10.0,20.0,0.0733,0.0376,6.4516,13.2339,0,0,1, ,0,0,0,211490.0,0.0007328951723485744,0.06451612903225806,False
3,County,2020,0,0,2,20,NNNNN,71,"Anchorage Municipality, Alaska",Other Asian - Not specified,960.0,395.0,650.0,275.0,390.0,185.0,95.0,70.0,15.0,25.0,0.0449,0.0324,15.7895,18.7984,0,0,1, ,0,0,0,211490.0,0.0004491938153104166,0.15789473684210525,False
3,County,2050,0,0,2,50,NNNNN,2,"Bethel Census Area, Alaska",Hispanic,280.0,4.0,145.0,4.0,135.0,10.0,4.0,10.0,4.0,4.0,0.0358,0.0981,100.0,30.7515,0,0,1, ,0,0,0,11170.0,0.00035810205908683976,1.0,False
3,County,2050,0,0,2,50,NNNNN,9,"Bethel Census Area, Alaska",American Indian (Cherokee),20.0,20.0,20.0,20.0,20.0,20.0,0.0,4.0,0.0,0.0,0.0,0.0059,0.0,37.6184,0,0,0, ,0,0,0,11170.0,0.0,,False
3,County,2050,0,0,2,50,NNNNN,45,"Bethel Census Area, Alaska",American Indian (All other American Indian Tribes),40.0,25.0,25.0,15.0,25.0,15.0,4.0,4.0,4.0,0.0,0.0358,0.0082,100.0,38.0089,0,0,1, ,0,0,0,11170.0,0.00035810205908683976,1.0,False
3,County,2050,0,0,2,50,NNNNN,47,"Bethel Census Area, Alaska",Alaskan Athabascan,370.0,145.0,245.0,105.0,245.0,105.0,4.0,10.0,0.0,4.0,0.0358,0.0733,0.0,50.7677,0,0,0, ,0,0,0,11170.0,0.00035810205908683976,0.0,False
3,County,2050,0,0,2,50,NNNNN,49,"Bethel Census Area, Alaska",Inupiat,515.0,155.0,370.0,115.0,370.0,115.0,50.0,15.0,4.0,4.0,0.4476,0.1359,8.0,23.4084,0,0,1, ,0,1,1,11170.0,0.004476275738585497,0.08,False
3,County,2050,0,0,2,50,NNNNN,52,"Bethel Census Area, Alaska",Yup'ik,13560.0,250.0,8255.0,165.0,8255.0,165.0,2080.0,70.0,285.0,30.0,18.6213,0.644,13.7019,3.8889,0,1,1, ,1,1,1,11170.0,0.18621307072515667,0.13701923076923078,True
3,County,2050,0,0,2,50,NNNNN,53,"Bethel Census Area, Alaska",Alaska Native Tribe - Tribe not Specified,390.0,150.0,200.0,75.0,200.0,75.0,40.0,10.0,0.0,4.0,0.3581,0.0766,0.0,37.3935,0,0,0, ,0,0,0,11170.0,0.0035810205908683975,0.0,False
3,County,2050,0,0,2,50,NNNNN,54,"Bethel Census Area, Alaska",American Indian (American Indian or Alaska Native - Not Specified),55.0,55.0,55.0,55.0,35.0,35.0,4.0,4.0,0.0,4.0,0.0358,0.0295,0.0,59.1333,0,0,0, ,0,0,0,11170.0,0.00035810205908683976,0.0,False
3,County,2050,0,0,2,50,NNNNN,60,"Bethel Census Area, Alaska",Filipino,75.0,55.0,45.0,40.0,45.0,40.0,4.0,10.0,0.0,4.0,0.0358,0.0719,0.0,19.159,0,0,0, ,0,0,0,11170.0,0.00035810205908683976,0.0,False
3,County,2050,0,0,2,50,NNNNN,64,"Bethel Census Area, Alaska",Korean,130.0,70.0,115.0,70.0,85.0,60.0,20.0,20.0,0.0,4.0,0.1791,0.1647,0.0,17.8178,0,0,0, ,0,0,0,11170.0,0.0017905102954341987,0.0,False
3,County,2060,0,0,2,60,NNNNN,2,"Bristol Bay Borough, Alaska",Hispanic,55.0,35.0,20.0,25.0,20.0,25.0,0.0,4.0,0.0,4.0,0.0,0.4102,0.0,42.8429,0,0,0, ,0,0,0,730.0,0.0,,False
3,County,2060,0,0,2,60,NNNNN,45,"Bristol Bay Borough, Alaska",American Indian (All other American Indian Tribes),10.0,15.0,4.0,4.0,4.0,4.0,0.0,0.0,0.0,0.0,0.0,0.0405,0.0,55.8158,0,0,0, ,0,0,0,730.0,0.0,,False
3,County,2060,0,0,2,60,NNNNN,47,"Bristol Bay Borough, Alaska",Alaskan Athabascan,20.0,15.0,15.0,10.0,15.0,10.0,0.0,4.0,0.0,4.0,0.0,0.1628,0.0,61.1391,0,0,0, ,0,0,0,730.0,0.0,,False
3,County,2060,0,0,2,60,NNNNN,48,"Bristol Bay Borough, Alaska",Aleut,235.0,50.0,155.0,30.0,155.0,30.0,4.0,4.0,4.0,4.0,0.5479,0.3183,100.0,50.4329,0,0,1, ,0,0,0,730.0,0.005479452054794521,1.0,False
3,County,2060,0,0,2,60,NNNNN,49,"Bristol Bay Borough, Alaska",Inupiat,35.0,15.0,25.0,15.0,25.0,15.0,0.0,4.0,0.0,4.0,0.0,0.3329,0.0,44.6354,0,0,0, ,0,0,0,730.0,0.0,,False
3,County,2060,0,0,2,60,NNNNN,52,"Bristol Bay Borough, Alaska",Yup'ik,110.0,30.0,70.0,20.0,70.0,20.0,0.0,4.0,0.0,4.0,0.0,0.7989,0.0,42.287,0,0,0, ,0,1,1,730.0,0.0,,False
3,County,2060,0,0,2,60,NNNNN,53,"Bristol Bay Borough, Alaska",Alaska Native Tribe - Tribe not Specified,10.0,4.0,4.0,4.0,4.0,4.0,0.0,4.0,0.0,0.0,0.0,0.1131,0.0,56.2105,0,0,0, ,0,0,0,730.0,0.0,,False
3,County,2060,0,0,2,60,NNNNN,60,"Bristol Bay Borough, Alaska",Filipino,10.0,10.0,4.0,4.0,4.0,4.0,0.0,4.0,0.0,0.0,0.0,0.2107,0.0,27.2188,0,0,0, ,0,0,0,730.0,0.0,,False
3,County,2068,0,0,2,68,NNNNN,2,"Denali Borough, Alaska",Hispanic,50.0,55.0,40.0,45.0,25.0,30.0,4.0,4.0,0.0,4.0,0.2685,0.3645,0.0,56.4501,0,0,0, ,0,0,0,1490.0,0.0026845637583892616,0.0,False
3,County,2068,0,0,2,68,NNNNN,12,"Denali Borough, Alaska",American Indian (Chippewa),10.0,10.0,10.0,4.0,10.0,4.0,0.0,0.0,0.0,0.0,0.0,0.0225,0.0,39.7995,0,0,0, ,0,0,0,1490.0,0.0,,False
3,County,2068,0,0,2,68,NNNNN,47,"Denali Borough, Alaska",Alaskan Athabascan,35.0,25.0,30.0,25.0,30.0,25.0,4.0,4.0,0.0,4.0,0.2685,0.1495,0.0,62.5112,0,0,0, ,0,0,0,1490.0,0.0026845637583892616,0.0,False
3,County,2068,0,0,2,68,NNNNN,53,"Denali Borough, Alaska",Alaska Native Tribe - Tribe not Specified,15.0,20.0,15.0,20.0,15.0,20.0,0.0,4.0,0.0,4.0,0.0,0.1281,0.0,51.4378,0,0,0, ,0,0,0,1490.0,0.0,,False
3,County,2068,0,0,2,68,NNNNN,63,"Denali Borough, Alaska",Japanese,25.0,30.0,25.0,30.0,20.0,25.0,4.0,4.0,0.0,0.0,0.2685,0.138,0.0,24.423,0,0,0, ,0,0,0,1490.0,0.0026845637583892616,0.0,False
3,County,2070,0,0,2,70,NNNNN,2,"Dillingham Census Area, Alaska",Hispanic,130.0,4.0,40.0,20.0,40.0,20.0,4.0,4.0,0.0,4.0,0.122,0.1598,0.0,36.5055,0,0,0, ,0,0,0,3280.0,0.0012195121951219512,0.0,False
3,County,2070,0,0,2,70,NNNNN,47,"Dillingham Census Area, Alaska",Alaskan Athabascan,30.0,15.0,20.0,15.0,20.0,15.0,0.0,4.0,0.0,4.0,0.0,0.0469,0.0,59.6288,0,0,0, ,0,0,0,3280.0,0.0,,False
3,County,2070,0,0,2,70,NNNNN,48,"Dillingham Census Area, Alaska",Aleut,40.0,20.0,25.0,15.0,25.0,15.0,0.0,4.0,0.0,0.0,0.0,0.0277,0.0,67.7932,0,0,0, ,0,0,0,3280.0,0.0,,False
3,County,2070,0,0,2,70,NNNNN,49,"Dillingham Census Area, Alaska",Inupiat,60.0,30.0,35.0,15.0,35.0,15.0,4.0,4.0,0.0,4.0,0.122,0.0985,0.0,42.0916,0,0,0, ,0,0,0,3280.0,0.0012195121951219512,0.0,False
3,County,2070,0,0,2,70,NNNNN,50,"Dillingham Census Area, Alaska",Tlingit-Haida,4.0,4.0,4.0,4.0,4.0,4.0,0.0,0.0,0.0,0.0,0.0,0.0064,0.0,37.5662,0,0,0, ,0,0,0,3280.0,0.0,,False
3,County,2070,0,0,2,70,NNNNN,52,"Dillingham Census Area, Alaska",Yup'ik,3630.0,90.0,2275.0,60.0,2275.0,60.0,430.0,40.0,75.0,20.0,13.1098,1.2316,17.4419,9.8879,0,1,1, ,1,1,1,3280.0,0.13109756097560976,0.1744186046511628,True
3,County,2070,0,0,2,70,NNNNN,53,"Dillingham Census Area, Alaska",Alaska Native Tribe - Tribe not Specified,100.0,40.0,60.0,30.0,60.0,30.0,4.0,4.0,0.0,4.0,0.122,0.1184,0.0,42.2028,0,0,0, ,0,0,0,3280.0,0.0012195121951219512,0.0,False
3,County,2070,0,0,2,70,NNNNN,54,"Dillingham Census Area, Alaska",American Indian (American Indian or Alaska Native - Not Specified),15.0,15.0,15.0,15.0,15.0,15.0,0.0,4.0,0.0,4.0,0.0,0.0523,0.0,62.841,0,0,0, ,0,0,0,3280.0,0.0,,False
3,County,2070,0,0,2,70,NNNNN,63,"Dillingham Census Area, Alaska",Japanese,30.0,25.0,25.0,20.0,20.0,20.0,0.0,4.0,0.0,0.0,0.0,0.0551,0.0,22.3266,0,0,0, ,0,0,0,3280.0,0.0,,False
3,County,2090,0,0,2,90,NNNNN,2,"Fairbanks North Star Borough, Alaska",Hispanic,6855.0,0.0,4550.0,10.0,3950.0,160.0,450.0,110.0,10.0,40.0,0.6244,0.1496,2.2222,12.766,0,0,1, ,0,0,0,72070.0,0.006243929512973498,0.022222222222222223,False
3,County,2090,0,0,2,90,NNNNN,6,"Fairbanks North Star Borough, Alaska",American Indian (Blackfeet),70.0,75.0,65.0,70.0,65.0,70.0,0.0,4.0,0.0,0.0,0.0,0.0032,0.0,50.2345,0,0,0, ,0,0,0,72070.0,0.0,,False
3,County,2090,0,0,2,90,NNNNN,9,"Fairbanks North Star Borough, Alaska",American Indian (Cherokee),865.0,345.0,790.0,325.0,790.0,325.0,4.0,10.0,0.0,4.0,0.0056,0.0113,0.0,31.2001,0,0,0, ,0,0,0,72070.0,5.5501595670875536e-05,0.0,False
3,County,2090,0,0,2,90,NNNNN,12,"Fairbanks North Star Borough, Alaska",American Indian (Chippewa),150.0,105.0,115.0,85.0,115.0,85.0,4.0,4.0,0.0,4.0,0.0056,0.0035,0.0,33.8413,0,0,0, ,0,0,0,72070.0,5.5501595670875536e-05,0.0,False
3,County,2090,0,0,2,90,NNNNN,33,"Fairbanks North Star Borough, Alaska",American Indian (Pueblo),65.0,60.0,65.0,60.0,65.0,55.0,4.0,10.0,0.0,4.0,0.0056,0.0122,0.0,61.055,0,0,0, ,0,0,0,72070.0,5.5501595670875536e-05,0.0,False
3,County,2090,0,0,2,90,NNNNN,37,"Fairbanks North Star Borough, Alaska",American Indian (Sioux),90.0,100.0,60.0,80.0,60.0,80.0,4.0,4.0,0.0,0.0,0.0056,0.0033,0.0,19.8902,0,0,0, ,0,0,0,72070.0,5.5501595670875536e-05,0.0,False
3,County,2090,0,0,2,90,NNNNN,45,"Fairbanks North Star Borough, Alaska",American Indian (All other American Indian Tribes),225.0,150.0,200.0,135.0,195.0,130.0,4.0,4.0,0.0,4.0,0.0056,0.0098,0.0,41.6312,0,0,0, ,0,0,0,72070.0,5.5501595670875536e-05,0.0,False
3,County,2090,0,0,2,90,NNNNN,46,"Fairbanks North Star Borough, Alaska",American Indian - Tribe not Specified,140.0,120.0,90.0,70.0,90.0,70.0,4.0,4.0,0.0,4.0,0.0056,0.0103,0.0,48.0955,0,0,0, ,0,0,0,72070.0,5.5501595670875536e-05,0.0,False
3,County,2090,0,0,2,90,NNNNN,47,"Fairbanks North Star Borough, Alaska",Alaskan Athabascan,4245.0,700.0,2610.0,435.0,2610.0,435.0,35.0,55.0,4.0,25.0,0.0486,0.0796,11.4286,25.3128,0,0,1, ,0,0,0,72070.0,0.000485638962120161,0.11428571428571428,False
3,County,2090,0,0,2,90,NNNNN,48,"Fairbanks North Star Borough, Alaska",Aleut,305.0,210.0,150.0,90.0,150.0,90.0,4.0,4.0,0.0,4.0,0.0056,0.0056,0.0,63.2174,0,0,0, ,0,0,0,72070.0,5.5501595670875536e-05,0.0,False
3,County,2090,0,0,2,90,NNNNN,49,"Fairbanks North Star Borough, Alaska",Inupiat,1500.0,425.0,905.0,230.0,905.0,230.0,40.0,35.0,15.0,15.0,0.0555,0.0512,37.5,27.4241,0,0,1, ,0,0,0,72070.0,0.0005550159567087554,0.375,False
3,County,2090,0,0,2,90,NNNNN,50,"Fairbanks North Star Borough, Alaska",Tlingit-Haida,525.0,260.0,310.0,145.0,305.0,145.0,4.0,10.0,0.0,4.0,0.0056,0.0105,0.0,34.1224,0,0,0, ,0,0,0,72070.0,5.5501595670875536e-05,0.0,False
3,County,2090,0,0,2,90,NNNNN,52,"Fairbanks North Star Borough, Alaska",Yup'ik,540.0,235.0,435.0,180.0,435.0,180.0,4.0,45.0,0.0,15.0,0.0056,0.0632,0.0,45.0714,0,0,0, ,0,0,0,72070.0,5.5501595670875536e-05,0.0,False
3,County,2090,0,0,2,90,NNNNN,53,"Fairbanks North Star Borough, Alaska",Alaska Native Tribe - Tribe not Specified,1970.0,405.0,1175.0,285.0,1160.0,280.0,10.0,40.0,4.0,15.0,0.0139,0.0565,40.0,31.1348,0,0,1, ,0,0,0,72070.0,0.00013875398917718884,0.4,False
3,County,2090,0,0,2,90,NNNNN,56,"Fairbanks North Star Borough, Alaska",Asian Indian,125.0,90.0,75.0,50.0,35.0,30.0,4.0,10.0,0.0,4.0,0.0056,0.0164,0.0,23.5997,0,0,0, ,0,0,0,72070.0,5.5501595670875536e-05,0.0,False
3,County,2090,0,0,2,90,NNNNN,59,"Fairbanks North Star Borough, Alaska",Chinese (including Taiwanese),585.0,255.0,380.0,150.0,235.0,100.0,55.0,40.0,4.0,10.0,0.0763,0.0562,7.2727,18.325,0,0,1, ,0,0,0,72070.0,0.0007631469404745387,0.07272727272727272,False
3,County,2090,0,0,2,90,NNNNN,60,"Fairbanks North Star Borough, Alaska",Filipino,1765.0,380.0,1195.0,290.0,850.0,220.0,130.0,85.0,4.0,15.0,0.1804,0.1154,3.0769,7.2301,0,0,1, ,0,0,0,72070.0,0.001803801859303455,0.03076923076923077,False
3,County,2090,0,0,2,90,NNNNN,61,"Fairbanks North Star Borough, Alaska",Hmong,25.0,30.0,25.0,30.0,25.0,25.0,4.0,15.0,4.0,4.0,0.0056,0.0224,100.0,37.444,0,0,1, ,0,0,0,72070.0,5.5501595670875536e-05,1.0,False
3,County,2090,0,0,2,90,NNNNN,63,"Fairbanks North Star Borough, Alaska",Japanese,590.0,220.0,395.0,165.0,310.0,130.0,15.0,15.0,4.0,4.0,0.0208,0.0223,26.6667,14.6254,0,0,1, ,0,0,0,72070.0,0.00020813098376578327,0.26666666666666666,False
3,County,2090,0,0,2,90,NNNNN,64,"Fairbanks North Star Borough, Alaska",Korean,730.0,360.0,560.0,310.0,460.0,260.0,135.0,100.0,4.0,15.0,0.1873,0.1396,2.963,7.9674,0,0,1, ,0,0,0,72070.0,0.0018731788538920494,0.02962962962962963,False
3,County,2090,0,0,2,90,NNNNN,65,"Fairbanks North Star Borough, Alaska",Laotian,310.0,280.0,245.0,225.0,200.0,180.0,85.0,90.0,35.0,30.0,0.1179,0.123,41.1765,23.6924,0,0,1, ,0,0,0,72070.0,0.0011794089080061053,0.4117647058823529,False
3,County,2090,0,0,2,90,NNNNN,69,"Fairbanks North Star Borough, Alaska",Thai,100.0,100.0,65.0,65.0,45.0,50.0,10.0,10.0,4.0,4.0,0.0139,0.017,40.0,30.3414,0,0,1, ,0,0,0,72070.0,0.00013875398917718884,0.4,False
3,County,2090,0,0,2,90,NNNNN,70,"Fairbanks North Star Borough, Alaska",Vietnamese,100.0,135.0,35.0,40.0,30.0,35.0,10.0,15.0,4.0,4.0,0.0139,0.0202,40.0,24.8923,0,0,1, ,0,0,0,72070.0,0.00013875398917718884,0.4,False
3,County,2090,0,0,2,90,NNNNN,71,"Fairbanks North Star Borough, Alaska",Other Asian - Not specified,100.0,100.0,65.0,70.0,30.0,30.0,4.0,10.0,4.0,4.0,0.0056,0.0116,100.0,44.6984,0,0,1, ,0,0,0,72070.0,5.5501595670875536e-05,1.0,False
3,County,2100,0,0,2,100,NNNNN,2,"Haines Borough, Alaska",Hispanic,30.0,25.0,25.0,25.0,20.0,20.0,4.0,4.0,0.0,4.0,0.2005,0.1852,0.0,46.5522,0,0,0, ,0,0,0,1995.0,0.0020050125313283208,0.0,False
3,County,2100,0,0,2,100,NNNNN,45,"Haines Borough, Alaska",American Indian (All other American Indian Tribes),25.0,30.0,25.0,30.0,25.0,30.0,0.0,4.0,0.0,0.0,0.0,0.079,0.0,49.2013,0,0,0, ,0,0,0,1995.0,0.0,,False
3,County,2100,0,0,2,100,NNNNN,50,"Haines Borough, Alaska",Tlingit-Haida,275.0,130.0,205.0,80.0,195.0,80.0,4.0,4.0,0.0,4.0,0.2005,0.1392,0.0,44.4084,0,0,0, ,0,0,0,1995.0,0.0020050125313283208,0.0,False
3,County,2100,0,0,2,100,NNNNN,53,"Haines Borough, Alaska",Alaska Native Tribe - Tribe not Specified,25.0,25.0,25.0,20.0,25.0,20.0,0.0,4.0,0.0,4.0,0.0,0.144,0.0,49.7211,0,0,0, ,0,0,0,1995.0,0.0,,False
3,County,2100,0,0,2,100,NNNNN,63,"Haines Borough, Alaska",Japanese,35.0,40.0,25.0,40.0,25.0,30.0,0.0,4.0,0.0,0.0,0.0,0.0649,0.0,27.7942,0,0,0, ,0,0,0,1995.0,0.0,,False
3,County,2105,0,0,2,105,NNNNN,2,"Hoonah-Angoon Census Area, Alaska",Hispanic,40.0,20.0,25.0,15.0,25.0,15.0,4.0,4.0,0.0,4.0,0.2353,0.195,0.0,38.3598,0,0,0, ,0,0,0,1700.0,0.002352941176470588,0.0,False
3,County,2105,0,0,2,105,NNNNN,9,"Hoonah-Angoon Census Area, Alaska",American Indian (Cherokee),20.0,25.0,20.0,25.0,20.0,25.0,0.0,4.0,0.0,0.0,0.0,0.0361,0.0,38.4557,0,0,0, ,0,0,0,1700.0,0.0,,False
3,County,2105,0,0,2,105,NNNNN,47,"Hoonah-Angoon Census Area, Alaska",Alaskan Athabascan,20.0,10.0,20.0,10.0,20.0,10.0,0.0,4.0,0.0,4.0,0.0,0.0984,0.0,66.0287,0,0,0, ,0,0,0,1700.0,0.0,,False
3,County,2105,0,0,2,105,NNNNN,48,"Hoonah-Angoon Census Area, Alaska",Aleut,25.0,15.0,15.0,10.0,15.0,10.0,0.0,4.0,0.0,0.0,0.0,0.0359,0.0,61.4034,0,0,0, ,0,0,0,1700.0,0.0,,False
3,County,2105,0,0,2,105,NNNNN,49,"Hoonah-Angoon Census Area, Alaska",Inupiat,55.0,30.0,25.0,15.0,25.0,15.0,0.0,4.0,0.0,4.0,0.0,0.1515,0.0,54.7446,0,0,0, ,0,0,0,1700.0,0.0,,False
3,County,2105,0,0,2,105,NNNNN,50,"Hoonah-Angoon Census Area, Alaska",Tlingit-Haida,780.0,80.0,585.0,60.0,585.0,60.0,10.0,4.0,0.0,4.0,0.5882,0.3316,0.0,21.2498,0,0,0, ,0,0,0,1700.0,0.0058823529411764705,0.0,False
3,County,2105,0,0,2,105,NNNNN,52,"Hoonah-Angoon Census Area, Alaska",Yup'ik,4.0,4.0,4.0,4.0,4.0,4.0,0.0,4.0,0.0,0.0,0.0,0.0828,0.0,67.7077,0,0,0, ,0,0,0,1700.0,0.0,,False
3,County,2105,0,0,2,105,NNNNN,53,"Hoonah-Angoon Census Area, Alaska",Alaska Native Tribe - Tribe not Specified,55.0,20.0,55.0,20.0,55.0,20.0,4.0,4.0,0.0,4.0,0.2353,0.1824,0.0,41.8198,0,0,0, ,0,0,0,1700.0,0.002352941176470588,0.0,False
3,County,2105,0,0,2,105,NNNNN,60,"Hoonah-Angoon Census Area, Alaska",Filipino,25.0,40.0,25.0,40.0,15.0,35.0,4.0,10.0,0.0,4.0,0.2353,0.5514,0.0,20.4776,0,0,0, ,0,0,0,1700.0,0.002352941176470588,0.0,False
3,County,2110,0,0,2,110,NNNNN,2,"Juneau City and Borough, Alaska",Hispanic,1885.0,0.0,1225.0,4.0,1120.0,55.0,75.0,45.0,4.0,15.0,0.3115,0.1778,5.3333,17.2737,0,0,1, ,0,0,0,24075.0,0.003115264797507788,0.05333333333333334,False
3,County,2110,0,0,2,110,NNNNN,4,"Juneau City and Borough, Alaska",American Indian (Apache),20.0,20.0,20.0,20.0,20.0,20.0,0.0,4.0,0.0,0.0,0.0,0.0085,0.0,53.9289,0,0,0, ,0,0,0,24075.0,0.0,,False
3,County,2110,0,0,2,110,NNNNN,9,"Juneau City and Borough, Alaska",American Indian (Cherokee),150.0,70.0,110.0,55.0,110.0,55.0,4.0,4.0,0.0,0.0,0.0166,0.01,0.0,31.7245,0,0,0, ,0,0,0,24075.0,0.00016614745586708205,0.0,False
3,County,2110,0,0,2,110,NNNNN,12,"Juneau City and Borough, Alaska",American Indian (Chippewa),75.0,55.0,75.0,55.0,75.0,55.0,0.0,4.0,0.0,0.0,0.0,0.0062,0.0,33.3409,0,0,0, ,0,0,0,24075.0,0.0,,False
3,County,2110,0,0,2,110,NNNNN,27,"Juneau City and Borough, Alaska",American Indian (Navajo),135.0,150.0,45.0,45.0,45.0,45.0,4.0,4.0,0.0,4.0,0.0166,0.0234,0.0,72.065,0,0,0, ,0,0,0,24075.0,0.00016614745586708205,0.0,False
3,County,2110,0,0,2,110,NNNNN,33,"Juneau City and Borough, Alaska",American Indian (Pueblo),65.0,100.0,40.0,65.0,40.0,65.0,4.0,10.0,0.0,4.0,0.0166,0.0494,0.0,37.5527,0,0,0, ,0,0,0,24075.0,0.00016614745586708205,0.0,False
3,County,2110,0,0,2,110,NNNNN,45,"Juneau City and Borough, Alaska",American Indian (All other American Indian Tribes),70.0,60.0,35.0,35.0,35.0,35.0,0.0,4.0,0.0,0.0,0.0,0.0061,0.0,58.9066,0,0,0, ,0,0,0,24075.0,0.0,,False
3,County,2110,0,0,2,110,NNNNN,46,"Juneau City and Borough, Alaska",American Indian - Tribe not Specified,10.0,10.0,10.0,10.0,10.0,10.0,0.0,4.0,0.0,0.0,0.0,0.0063,0.0,48.4648,0,0,0, ,0,0,0,24075.0,0.0,,False
3,County,2110,0,0,2,110,NNNNN,47,"Juneau City and Borough, Alaska",Alaskan Athabascan,110.0,75.0,75.0,55.0,75.0,55.0,4.0,4.0,0.0,4.0,0.0166,0.0248,0.0,57.6946,0,0,0, ,0,0,0,24075.0,0.00016614745586708205,0.0,False
3,County,2110,0,0,2,110,NNNNN,48,"Juneau City and Borough, Alaska",Aleut,40.0,35.0,30.0,25.0,30.0,25.0,0.0,4.0,0.0,0.0,0.0,0.0047,0.0,62.4271,0,0,0, ,0,0,0,24075.0,0.0,,False
3,County,2110,0,0,2,110,NNNNN,49,"Juneau City and Borough, Alaska",Inupiat,320.0,155.0,150.0,85.0,150.0,85.0,4.0,10.0,0.0,4.0,0.0166,0.0473,0.0,54.63,0,0,0, ,0,0,0,24075.0,0.00016614745586708205,0.0,False
3,County,2110,0,0,2,110,NNNNN,50,"Juneau City and Borough, Alaska",Tlingit-Haida,3715.0,385.0,2625.0,230.0,2625.0,230.0,20.0,20.0,4.0,4.0,0.0831,0.0848,20.0,27.9459,0,0,1, ,0,0,0,24075.0,0.0008307372793354102,0.2,False
3,County,2110,0,0,2,110,NNNNN,51,"Juneau City and Borough, Alaska",Tsimshian,150.0,100.0,75.0,55.0,75.0,55.0,0.0,4.0,0.0,0.0,0.0,0.0139,0.0,50.0532,0,0,0, ,0,0,0,24075.0,0.0,,False
3,County,2110,0,0,2,110,NNNNN,52,"Juneau City and Borough, Alaska",Yup'ik,455.0,190.0,265.0,110.0,265.0,110.0,4.0,35.0,0.0,15.0,0.0166,0.1543,0.0,65.8309,0,0,0, ,0,0,0,24075.0,0.00016614745586708205,0.0,False
3,County,2110,0,0,2,110,NNNNN,53,"Juneau City and Borough, Alaska",Alaska Native Tribe - Tribe not Specified,850.0,280.0,520.0,160.0,505.0,160.0,10.0,20.0,4.0,10.0,0.0415,0.0878,40.0,34.8153,0,0,1, ,0,0,0,24075.0,0.0004153686396677051,0.4,False
3,County,2110,0,0,2,110,NNNNN,56,"Juneau City and Borough, Alaska",Asian Indian,130.0,95.0,60.0,40.0,25.0,20.0,10.0,10.0,0.0,4.0,0.0415,0.0361,0.0,24.4511,0,0,0, ,0,0,0,24075.0,0.0004153686396677051,0.0,False
3,County,2110,0,0,2,110,NNNNN,59,"Juneau City and Borough, Alaska",Chinese (including Taiwanese),310.0,185.0,260.0,150.0,220.0,130.0,45.0,50.0,4.0,10.0,0.1869,0.1984,8.8889,14.3683,0,0,1, ,0,0,0,24075.0,0.001869158878504673,0.08888888888888889,False
3,County,2110,0,0,2,110,NNNNN,60,"Juneau City and Borough, Alaska",Filipino,1685.0,310.0,1200.0,215.0,930.0,175.0,230.0,65.0,15.0,15.0,0.9553,0.272,6.5217,5.8236,0,0,1, ,0,0,0,24075.0,0.009553478712357217,0.06521739130434782,False
3,County,2110,0,0,2,110,NNNNN,63,"Juneau City and Borough, Alaska",Japanese,250.0,120.0,145.0,70.0,135.0,65.0,10.0,4.0,0.0,4.0,0.0415,0.0248,0.0,15.1467,0,0,0, ,0,0,0,24075.0,0.0004153686396677051,0.0,False
3,County,2110,0,0,2,110,NNNNN,64,"Juneau City and Borough, Alaska",Korean,195.0,115.0,145.0,80.0,90.0,55.0,35.0,35.0,4.0,10.0,0.1454,0.1529,11.4286,13.6892,0,0,1, ,0,0,0,24075.0,0.0014537902388369677,0.11428571428571428,False
3,County,2110,0,0,2,110,NNNNN,69,"Juneau City and Borough, Alaska",Thai,15.0,10.0,15.0,10.0,15.0,10.0,4.0,4.0,0.0,4.0,0.0166,0.0125,0.0,33.726,0,0,0, ,0,0,0,24075.0,0.00016614745586708205,0.0,False
3,County,2110,0,0,2,110,NNNNN,70,"Juneau City and Borough, Alaska",Vietnamese,125.0,110.0,85.0,85.0,75.0,75.0,25.0,30.0,4.0,4.0,0.1038,0.1237,16.0,19.1733,0,0,1, ,0,0,0,24075.0,0.0010384215991692627,0.16,False
3,County,2110,0,0,2,110,NNNNN,71,"Juneau City and Borough, Alaska",Other Asian - Not specified,80.0,55.0,60.0,35.0,45.0,30.0,4.0,10.0,4.0,4.0,0.0166,0.0355,100.0,29.9456,0,0,1, ,0,0,0,24075.0,0.00016614745586708205,1.0,False
3,County,2122,0,0,2,122,NNNNN,2,"Kenai Peninsula Borough, Alaska",Hispanic,1980.0,0.0,1310.0,4.0,1185.0,50.0,55.0,50.0,4.0,20.0,0.128,0.1128,7.2727,18.0118,0,0,1, ,0,0,0,42965.0,0.001280111718840917,0.07272727272727272,False
3,County,2122,0,0,2,122,NNNNN,6,"Kenai Peninsula Borough, Alaska",American Indian (Blackfeet),35.0,25.0,35.0,25.0,35.0,25.0,0.0,4.0,0.0,0.0,0.0,0.0018,0.0,51.7925,0,0,0, ,0,0,0,42965.0,0.0,,False
3,County,2122,0,0,2,122,NNNNN,9,"Kenai Peninsula Borough, Alaska",American Indian (Cherokee),360.0,135.0,265.0,85.0,265.0,85.0,4.0,4.0,0.0,0.0,0.0093,0.0072,0.0,36.2731,0,0,0, ,0,0,0,42965.0,9.309903409752124e-05,0.0,False
3,County,2122,0,0,2,122,NNNNN,12,"Kenai Peninsula Borough, Alaska",American Indian (Chippewa),70.0,35.0,65.0,30.0,65.0,30.0,0.0,4.0,0.0,0.0,0.0,0.0037,0.0,28.5498,0,0,0, ,0,0,0,42965.0,0.0,,False
3,County,2122,0,0,2,122,NNNNN,13,"Kenai Peninsula Borough, Alaska",American Indian (Choctaw),80.0,45.0,50.0,30.0,50.0,30.0,0.0,4.0,0.0,4.0,0.0,0.004,0.0,57.6446,0,0,0, ,0,0,0,42965.0,0.0,,False
3,County,2122,0,0,2,122,NNNNN,17,"Kenai Peninsula Borough, Alaska",American Indian (Creek),35.0,35.0,35.0,35.0,35.0,35.0,0.0,4.0,0.0,0.0,0.0,0.0018,0.0,62.3146,0,0,0, ,0,0,0,42965.0,0.0,,False
3,County,2122,0,0,2,122,NNNNN,22,"Kenai Peninsula Borough, Alaska",American Indian (Iroquois),20.0,15.0,20.0,15.0,20.0,15.0,0.0,4.0,0.0,0.0,0.0,0.0019,0.0,22.8642,0,0,0, ,0,0,0,42965.0,0.0,,False
3,County,2122,0,0,2,122,NNNNN,37,"Kenai Peninsula Borough, Alaska",American Indian (Sioux),10.0,10.0,10.0,10.0,10.0,10.0,0.0,0.0,0.0,0.0,0.0,0.0009,0.0,20.5699,0,0,0, ,0,0,0,42965.0,0.0,,False
3,County,2122,0,0,2,122,NNNNN,45,"Kenai Peninsula Borough, Alaska",American Indian (All other American Indian Tribes),180.0,115.0,115.0,60.0,115.0,60.0,4.0,4.0,0.0,4.0,0.0093,0.0079,0.0,64.0426,0,0,0, ,0,0,0,42965.0,9.309903409752124e-05,0.0,False
3,County,2122,0,0,2,122,NNNNN,46,"Kenai Peninsula Borough, Alaska",American Indian - Tribe not Specified,20.0,20.0,15.0,15.0,15.0,15.0,0.0,4.0,0.0,0.0,0.0,0.0041,0.0,50.6537,0,0,0, ,0,0,0,42965.0,0.0,,False
3,County,2122,0,0,2,122,NNNNN,47,"Kenai Peninsula Borough, Alaska",Alaskan Athabascan,1720.0,300.0,1100.0,165.0,1100.0,165.0,20.0,25.0,4.0,10.0,0.0465,0.0527,20.0,26.6905,0,0,1, ,0,0,0,42965.0,0.0004654951704876062,0.2,False
3,County,2122,0,0,2,122,NNNNN,48,"Kenai Peninsula Borough, Alaska",Aleut,1205.0,225.0,835.0,165.0,835.0,165.0,10.0,10.0,0.0,4.0,0.0233,0.0218,0.0,40.1513,0,0,0, ,0,0,0,42965.0,0.0002327475852438031,0.0,False
3,County,2122,0,0,2,122,NNNNN,49,"Kenai Peninsula Borough, Alaska",Inupiat,645.0,205.0,425.0,130.0,425.0,130.0,25.0,20.0,4.0,10.0,0.0582,0.0463,16.0,35.2004,0,0,1, ,0,0,0,42965.0,0.0005818689631095078,0.16,False
3,County,2122,0,0,2,122,NNNNN,50,"Kenai Peninsula Borough, Alaska",Tlingit-Haida,330.0,135.0,270.0,115.0,270.0,115.0,4.0,4.0,0.0,4.0,0.0093,0.0093,0.0,37.6922,0,0,0, ,0,0,0,42965.0,9.309903409752124e-05,0.0,False
3,County,2122,0,0,2,122,NNNNN,51,"Kenai Peninsula Borough, Alaska",Tsimshian,40.0,50.0,40.0,50.0,40.0,50.0,0.0,4.0,0.0,0.0,0.0,0.0048,0.0,53.7112,0,0,0, ,0,0,0,42965.0,0.0,,False
3,County,2122,0,0,2,122,NNNNN,52,"Kenai Peninsula Borough, Alaska",Yup'ik,1000.0,315.0,590.0,165.0,590.0,160.0,85.0,40.0,0.0,15.0,0.1978,0.0887,0.0,35.3765,0,0,0, ,0,1,1,42965.0,0.001978354474572326,0.0,False
3,County,2122,0,0,2,122,NNNNN,53,"Kenai Peninsula Borough, Alaska",Alaska Native Tribe - Tribe not Specified,1005.0,240.0,690.0,190.0,690.0,190.0,15.0,25.0,4.0,10.0,0.0349,0.0542,26.6667,32.4322,0,0,1, ,0,0,0,42965.0,0.00034912137786570463,0.26666666666666666,False
3,County,2122,0,0,2,122,NNNNN,59,"Kenai Peninsula Borough, Alaska",Chinese (including Taiwanese),315.0,130.0,150.0,70.0,110.0,50.0,40.0,35.0,4.0,10.0,0.0931,0.0828,10.0,15.1505,0,0,1, ,0,0,0,42965.0,0.0009309903409752124,0.1,False
3,County,2122,0,0,2,122,NNNNN,60,"Kenai Peninsula Borough, Alaska",Filipino,575.0,200.0,330.0,100.0,255.0,85.0,30.0,25.0,4.0,4.0,0.0698,0.0599,13.3333,10.8358,0,0,1, ,0,0,0,42965.0,0.0006982427557314093,0.13333333333333333,False
3,County,2122,0,0,2,122,NNNNN,63,"Kenai Peninsula Borough, Alaska",Japanese,290.0,135.0,240.0,110.0,205.0,90.0,10.0,10.0,0.0,4.0,0.0233,0.0271,0.0,13.781,0,0,0, ,0,0,0,42965.0,0.0002327475852438031,0.0,False
3,County,2122,0,0,2,122,NNNNN,64,"Kenai Peninsula Borough, Alaska",Korean,115.0,60.0,100.0,55.0,90.0,45.0,15.0,25.0,4.0,4.0,0.0349,0.0536,26.6667,12.1753,0,0,1, ,0,0,0,42965.0,0.00034912137786570463,0.26666666666666666,False
3,County,2122,0,0,2,122,NNNNN,69,"Kenai Peninsula Borough, Alaska",Thai,130.0,130.0,90.0,75.0,55.0,40.0,20.0,25.0,4.0,4.0,0.0465,0.054,20.0,25.8775,0,0,1, ,0,0,0,42965.0,0.0004654951704876062,0.2,False
3,County,2130,0,0,2,130,NNNNN,2,"Ketchikan Gateway Borough, Alaska",Hispanic,635.0,4.0,390.0,4.0,365.0,30.0,15.0,20.0,4.0,10.0,0.1472,0.1893,26.6667,21.5951,0,0,1, ,0,0,0,10190.0,0.0014720314033366045,0.26666666666666666,False
3,County,2130,0,0,2,130,NNNNN,6,"Ketchikan Gateway Borough, Alaska",American Indian (Blackfeet),20.0,25.0,20.0,25.0,20.0,25.0,0.0,4.0,0.0,0.0,0.0,0.0089,0.0,51.4584,0,0,0, ,0,0,0,10190.0,0.0,,False
3,County,2130,0,0,2,130,NNNNN,9,"Ketchikan Gateway Borough, Alaska",American Indian (Cherokee),105.0,65.0,60.0,40.0,60.0,40.0,0.0,4.0,0.0,0.0,0.0,0.0126,0.0,32.801,0,0,0, ,0,0,0,10190.0,0.0,,False
3,County,2130,0,0,2,130,NNNNN,12,"Ketchikan Gateway Borough, Alaska",American Indian (Chippewa),20.0,20.0,20.0,20.0,20.0,20.0,0.0,4.0,0.0,0.0,0.0,0.0068,0.0,38.7888,0,0,0, ,0,0,0,10190.0,0.0,,False
3,County,2130,0,0,2,130,NNNNN,22,"Ketchikan Gateway Borough, Alaska",American Indian (Iroquois),45.0,45.0,35.0,35.0,35.0,35.0,0.0,4.0,0.0,0.0,0.0,0.0085,0.0,17.2628,0,0,0, ,0,0,0,10190.0,0.0,,False
3,County,2130,0,0,2,130,NNNNN,37,"Ketchikan Gateway Borough, Alaska",American Indian (Sioux),70.0,65.0,40.0,35.0,40.0,35.0,0.0,4.0,0.0,0.0,0.0,0.0138,0.0,17.8973,0,0,0, ,0,0,0,10190.0,0.0,,False
3,County,2130,0,0,2,130,NNNNN,45,"Ketchikan Gateway Borough, Alaska",American Indian (All other American Indian Tribes),25.0,25.0,10.0,10.0,10.0,10.0,0.0,4.0,0.0,0.0,0.0,0.0072,0.0,52.3187,0,0,0, ,0,0,0,10190.0,0.0,,False
3,County,2130,0,0,2,130,NNNNN,46,"Ketchikan Gateway Borough, Alaska",American Indian - Tribe not Specified,15.0,15.0,15.0,15.0,10.0,15.0,0.0,4.0,0.0,0.0,0.0,0.0164,0.0,50.2812,0,0,0, ,0,0,0,10190.0,0.0,,False
3,County,2130,0,0,2,130,NNNNN,47,"Ketchikan Gateway Borough, Alaska",Alaskan Athabascan,105.0,75.0,55.0,35.0,55.0,35.0,4.0,4.0,0.0,4.0,0.0393,0.0361,0.0,60.4478,0,0,0, ,0,0,0,10190.0,0.0003925417075564279,0.0,False
3,County,2130,0,0,2,130,NNNNN,48,"Ketchikan Gateway Borough, Alaska",Aleut,130.0,70.0,95.0,55.0,95.0,55.0,4.0,4.0,0.0,4.0,0.0393,0.0234,0.0,58.7823,0,0,0, ,0,0,0,10190.0,0.0003925417075564279,0.0,False
3,County,2130,0,0,2,130,NNNNN,49,"Ketchikan Gateway Borough, Alaska",Inupiat,40.0,25.0,25.0,20.0,25.0,20.0,0.0,4.0,0.0,4.0,0.0,0.0264,0.0,48.7061,0,0,0, ,0,0,0,10190.0,0.0,,False
3,County,2130,0,0,2,130,NNNNN,50,"Ketchikan Gateway Borough, Alaska",Tlingit-Haida,1805.0,175.0,1125.0,135.0,1125.0,135.0,10.0,10.0,0.0,4.0,0.0981,0.0983,0.0,24.102,0,0,0, ,0,0,0,10190.0,0.0009813542688910696,0.0,False
3,County,2130,0,0,2,130,NNNNN,51,"Ketchikan Gateway Borough, Alaska",Tsimshian,655.0,155.0,440.0,110.0,435.0,135.0,4.0,10.0,0.0,0.0,0.0393,0.0833,0.0,13.8662,0,0,0, ,0,0,0,10190.0,0.0003925417075564279,0.0,False
3,County,2130,0,0,2,130,NNNNN,53,"Ketchikan Gateway Borough, Alaska",Alaska Native Tribe - Tribe not Specified,330.0,95.0,230.0,75.0,225.0,70.0,4.0,10.0,0.0,4.0,0.0393,0.1057,0.0,35.4731,0,0,0, ,0,0,0,10190.0,0.0003925417075564279,0.0,False
3,County,2130,0,0,2,130,NNNNN,56,"Ketchikan Gateway Borough, Alaska",Asian Indian,80.0,95.0,75.0,90.0,30.0,40.0,4.0,10.0,0.0,4.0,0.0393,0.1085,0.0,25.689,0,0,0, ,0,0,0,10190.0,0.0003925417075564279,0.0,False
3,County,2130,0,0,2,130,NNNNN,59,"Ketchikan Gateway Borough, Alaska",Chinese (including Taiwanese),15.0,15.0,15.0,15.0,10.0,15.0,4.0,4.0,0.0,4.0,0.0393,0.0262,0.0,39.7361,0,0,0, ,0,0,0,10190.0,0.0003925417075564279,0.0,False
3,County,2130,0,0,2,130,NNNNN,60,"Ketchikan Gateway Borough, Alaska",Filipino,770.0,150.0,575.0,105.0,385.0,80.0,105.0,40.0,4.0,10.0,1.0304,0.4144,3.8095,6.8182,0,0,1, ,0,0,0,10190.0,0.010304219823356232,0.0380952380952381,False
3,County,2130,0,0,2,130,NNNNN,61,"Ketchikan Gateway Borough, Alaska",Hmong,15.0,20.0,15.0,20.0,15.0,15.0,4.0,4.0,4.0,4.0,0.0393,0.0482,100.0,69.5898,0,0,1, ,0,0,0,10190.0,0.0003925417075564279,1.0,False
3,County,2130,0,0,2,130,NNNNN,63,"Ketchikan Gateway Borough, Alaska",Japanese,150.0,85.0,115.0,70.0,115.0,65.0,4.0,4.0,0.0,4.0,0.0393,0.0425,0.0,21.5105,0,0,0, ,0,0,0,10190.0,0.0003925417075564279,0.0,False
3,County,2130,0,0,2,130,NNNNN,64,"Ketchikan Gateway Borough, Alaska",Korean,20.0,15.0,20.0,15.0,15.0,15.0,4.0,4.0,0.0,4.0,0.0393,0.0412,0.0,23.0112,0,0,0, ,0,0,0,10190.0,0.0003925417075564279,0.0,False
3,County,2130,0,0,2,130,NNNNN,70,"Ketchikan Gateway Borough, Alaska",Vietnamese,150.0,115.0,40.0,35.0,40.0,30.0,10.0,15.0,4.0,4.0,0.0981,0.1588,40.0,23.7711,0,0,1, ,0,0,0,10190.0,0.0009813542688910696,0.4,False
3,County,2150,0,0,2,150,NNNNN,2,"Kodiak Island Borough, Alaska",Hispanic,1130.0,4.0,725.0,4.0,580.0,60.0,40.0,35.0,4.0,20.0,0.4308,0.4003,10.0,22.4001,0,0,1, ,0,0,0,9285.0,0.004308023694130318,0.1,False
3,County,2150,0,0,2,150,NNNNN,9,"Kodiak Island Borough, Alaska",American Indian (Cherokee),125.0,90.0,85.0,55.0,85.0,55.0,0.0,4.0,0.0,0.0,0.0,0.0215,0.0,37.9474,0,0,0, ,0,0,0,9285.0,0.0,,False
3,County,2150,0,0,2,150,NNNNN,37,"Kodiak Island Borough, Alaska",American Indian (Sioux),25.0,30.0,25.0,30.0,25.0,30.0,0.0,4.0,0.0,0.0,0.0,0.0113,0.0,19.8961,0,0,0, ,0,0,0,9285.0,0.0,,False
3,County,2150,0,0,2,150,NNNNN,47,"Kodiak Island Borough, Alaska",Alaskan Athabascan,25.0,25.0,25.0,25.0,25.0,25.0,4.0,4.0,0.0,4.0,0.0431,0.0249,0.0,72.0122,0,0,0, ,0,0,0,9285.0,0.0004308023694130318,0.0,False
3,County,2150,0,0,2,150,NNNNN,48,"Kodiak Island Borough, Alaska",Aleut,1975.0,260.0,1255.0,185.0,1255.0,185.0,10.0,10.0,4.0,4.0,0.1077,0.1246,40.0,37.2471,0,0,1, ,0,0,0,9285.0,0.0010770059235325794,0.4,False
3,County,2150,0,0,2,150,NNNNN,49,"Kodiak Island Borough, Alaska",Inupiat,40.0,25.0,30.0,20.0,30.0,20.0,4.0,4.0,0.0,4.0,0.0431,0.0389,0.0,48.5196,0,0,0, ,0,0,0,9285.0,0.0004308023694130318,0.0,False
3,County,2150,0,0,2,150,NNNNN,50,"Kodiak Island Borough, Alaska",Tlingit-Haida,80.0,70.0,60.0,55.0,60.0,55.0,4.0,4.0,0.0,0.0,0.0431,0.0244,0.0,33.3468,0,0,0, ,0,0,0,9285.0,0.0004308023694130318,0.0,False
3,County,2150,0,0,2,150,NNNNN,52,"Kodiak Island Borough, Alaska",Yup'ik,30.0,25.0,25.0,20.0,25.0,20.0,0.0,4.0,0.0,4.0,0.0,0.0613,0.0,68.9008,0,0,0, ,0,1,1,9285.0,0.0,,False
3,County,2150,0,0,2,150,NNNNN,53,"Kodiak Island Borough, Alaska",Alaska Native Tribe - Tribe not Specified,215.0,85.0,170.0,65.0,170.0,65.0,4.0,10.0,0.0,4.0,0.0431,0.1053,0.0,46.0454,0,0,0, ,0,0,0,9285.0,0.0004308023694130318,0.0,False
3,County,2150,0,0,2,150,NNNNN,59,"Kodiak Island Borough, Alaska",Chinese (including Taiwanese),30.0,35.0,30.0,35.0,30.0,30.0,10.0,15.0,4.0,4.0,0.1077,0.142,40.0,27.1241,0,0,1, ,0,0,0,9285.0,0.0010770059235325794,0.4,False
3,County,2150,0,0,2,150,NNNNN,60,"Kodiak Island Borough, Alaska",Filipino,2775.0,155.0,1960.0,125.0,1410.0,135.0,385.0,95.0,20.0,25.0,4.1465,1.0364,5.1948,5.8437,0,0,1, ,0,0,0,9285.0,0.041464728056004305,0.05194805194805195,False
3,County,2150,0,0,2,150,NNNNN,65,"Kodiak Island Borough, Alaska",Laotian,115.0,110.0,60.0,65.0,55.0,55.0,20.0,25.0,4.0,10.0,0.2154,0.2711,20.0,41.5749,0,0,1, ,0,0,0,9285.0,0.002154011847065159,0.2,False
3,County,2150,0,0,2,150,NNNNN,69,"Kodiak Island Borough, Alaska",Thai,15.0,20.0,15.0,20.0,10.0,15.0,4.0,4.0,0.0,4.0,0.0431,0.0431,0.0,43.403,0,0,0, ,0,0,0,9285.0,0.0004308023694130318,0.0,False
3,County,2164,0,0,2,164,NNNNN,2,"Lake and Peninsula Borough, Alaska",Hispanic,30.0,20.0,15.0,15.0,15.0,15.0,4.0,4.0,0.0,4.0,0.4082,0.3785,0.0,39.898,0,0,0, ,0,0,0,980.0,0.004081632653061225,0.0,False
3,County,2164,0,0,2,164,NNNNN,47,"Lake and Peninsula Borough, Alaska",Alaskan Athabascan,265.0,55.0,175.0,35.0,175.0,35.0,4.0,4.0,4.0,4.0,0.4082,0.5205,100.0,38.6902,0,0,1, ,0,0,0,980.0,0.004081632653061225,1.0,False
3,County,2164,0,0,2,164,NNNNN,48,"Lake and Peninsula Borough, Alaska",Aleut,565.0,80.0,360.0,50.0,360.0,50.0,10.0,4.0,0.0,4.0,1.0204,0.4422,0.0,37.1716,0,0,0, ,0,0,0,980.0,0.01020408163265306,0.0,False
3,County,2164,0,0,2,164,NNNNN,49,"Lake and Peninsula Borough, Alaska",Inupiat,75.0,30.0,35.0,15.0,35.0,15.0,0.0,4.0,0.0,4.0,0.0,0.3633,0.0,39.532,0,0,0, ,0,0,0,980.0,0.0,,False
3,County,2164,0,0,2,164,NNNNN,50,"Lake and Peninsula Borough, Alaska",Tlingit-Haida,30.0,20.0,15.0,10.0,15.0,10.0,0.0,4.0,0.0,0.0,0.0,0.1082,0.0,24.0586,0,0,0, ,0,0,0,980.0,0.0,,False
3,County,2164,0,0,2,164,NNNNN,52,"Lake and Peninsula Borough, Alaska",Yup'ik,200.0,40.0,110.0,25.0,110.0,25.0,4.0,4.0,0.0,4.0,0.4082,0.706,0.0,38.4117,0,0,0, ,0,1,1,980.0,0.004081632653061225,0.0,False
3,County,2164,0,0,2,164,NNNNN,53,"Lake and Peninsula Borough, Alaska",Alaska Native Tribe - Tribe not Specified,15.0,15.0,10.0,4.0,10.0,4.0,0.0,4.0,0.0,0.0,0.0,0.094,0.0,50.2995,0,0,0, ,0,0,0,980.0,0.0,,False
3,County,2170,0,0,2,170,NNNNN,2,"Matanuska-Susitna Borough, Alaska",Hispanic,3980.0,0.0,2405.0,4.0,2320.0,60.0,115.0,55.0,4.0,20.0,0.1733,0.0794,3.4783,13.2353,0,0,1, ,0,0,0,66370.0,0.001732710562000904,0.034782608695652174,False
3,County,2170,0,0,2,170,NNNNN,4,"Matanuska-Susitna Borough, Alaska",American Indian (Apache),90.0,55.0,80.0,50.0,80.0,50.0,4.0,4.0,0.0,4.0,0.006,0.0066,0.0,37.1964,0,0,0, ,0,0,0,66370.0,6.026819346090101e-05,0.0,False
3,County,2170,0,0,2,170,NNNNN,6,"Matanuska-Susitna Borough, Alaska",American Indian (Blackfeet),180.0,125.0,75.0,35.0,75.0,35.0,0.0,4.0,0.0,0.0,0.0,0.0022,0.0,43.9903,0,0,0, ,0,0,0,66370.0,0.0,,False
3,County,2170,0,0,2,170,NNNNN,9,"Matanuska-Susitna Borough, Alaska",American Indian (Cherokee),790.0,205.0,565.0,125.0,565.0,125.0,4.0,4.0,0.0,4.0,0.006,0.0075,0.0,27.5694,0,0,0, ,0,0,0,66370.0,6.026819346090101e-05,0.0,False
3,County,2170,0,0,2,170,NNNNN,11,"Matanuska-Susitna Borough, Alaska",American Indian (Chickasaw),70.0,55.0,40.0,35.0,40.0,35.0,0.0,4.0,0.0,0.0,0.0,0.0015,0.0,74.1411,0,0,0, ,0,0,0,66370.0,0.0,,False
3,County,2170,0,0,2,170,NNNNN,12,"Matanuska-Susitna Borough, Alaska",American Indian (Chippewa),145.0,85.0,75.0,40.0,75.0,40.0,0.0,4.0,0.0,0.0,0.0,0.0021,0.0,30.9737,0,0,0, ,0,0,0,66370.0,0.0,,False
3,County,2170,0,0,2,170,NNNNN,13,"Matanuska-Susitna Borough, Alaska",American Indian (Choctaw),165.0,85.0,125.0,75.0,125.0,75.0,0.0,4.0,0.0,4.0,0.0,0.0059,0.0,52.2694,0,0,0, ,0,0,0,66370.0,0.0,,False
3,County,2170,0,0,2,170,NNNNN,17,"Matanuska-Susitna Borough, Alaska",American Indian (Creek),45.0,60.0,15.0,20.0,15.0,20.0,0.0,0.0,0.0,0.0,0.0,0.0006,0.0,62.1206,0,0,0, ,0,0,0,66370.0,0.0,,False
3,County,2170,0,0,2,170,NNNNN,22,"Matanuska-Susitna Borough, Alaska",American Indian (Iroquois),60.0,40.0,60.0,40.0,60.0,40.0,0.0,4.0,0.0,0.0,0.0,0.0018,0.0,11.5862,0,0,0, ,0,0,0,66370.0,0.0,,False
3,County,2170,0,0,2,170,NNNNN,26,"Matanuska-Susitna Borough, Alaska",American Indian (Mexican American Indian),40.0,35.0,40.0,35.0,35.0,30.0,4.0,10.0,4.0,4.0,0.006,0.0164,100.0,27.5375,0,0,1, ,0,0,0,66370.0,6.026819346090101e-05,1.0,False
3,County,2170,0,0,2,170,NNNNN,27,"Matanuska-Susitna Borough, Alaska",American Indian (Navajo),20.0,15.0,15.0,15.0,15.0,15.0,0.0,4.0,0.0,4.0,0.0,0.0037,0.0,66.2889,0,0,0, ,0,0,0,66370.0,0.0,,False
3,County,2170,0,0,2,170,NNNNN,34,"Matanuska-Susitna Borough, Alaska",American Indian (Puget Sound Salish),45.0,50.0,25.0,15.0,25.0,15.0,0.0,4.0,0.0,0.0,0.0,0.0009,0.0,10.8874,0,0,0, ,0,0,0,66370.0,0.0,,False
3,County,2170,0,0,2,170,NNNNN,35,"Matanuska-Susitna Borough, Alaska",American Indian (Seminole),75.0,55.0,60.0,40.0,60.0,40.0,4.0,4.0,0.0,4.0,0.006,0.0033,0.0,41.7825,0,0,0, ,0,0,0,66370.0,6.026819346090101e-05,0.0,False
3,County,2170,0,0,2,170,NNNNN,37,"Matanuska-Susitna Borough, Alaska",American Indian (Sioux),250.0,130.0,160.0,85.0,160.0,85.0,4.0,4.0,0.0,0.0,0.006,0.0047,0.0,25.2983,0,0,0, ,0,0,0,66370.0,6.026819346090101e-05,0.0,False
3,County,2170,0,0,2,170,NNNNN,45,"Matanuska-Susitna Borough, Alaska",American Indian (All other American Indian Tribes),295.0,140.0,225.0,120.0,225.0,120.0,4.0,4.0,0.0,4.0,0.006,0.0084,0.0,38.8202,0,0,0, ,0,0,0,66370.0,6.026819346090101e-05,0.0,False
3,County,2170,0,0,2,170,NNNNN,46,"Matanuska-Susitna Borough, Alaska",American Indian - Tribe not Specified,45.0,30.0,40.0,25.0,40.0,25.0,4.0,4.0,0.0,4.0,0.006,0.0049,0.0,41.4657,0,0,0, ,0,0,0,66370.0,6.026819346090101e-05,0.0,False
3,County,2170,0,0,2,170,NNNNN,47,"Matanuska-Susitna Borough, Alaska",Alaskan Athabascan,1285.0,270.0,755.0,145.0,755.0,145.0,20.0,20.0,4.0,10.0,0.0301,0.0274,20.0,28.1928,0,0,1, ,0,0,0,66370.0,0.00030134096730450503,0.2,False
3,County,2170,0,0,2,170,NNNNN,48,"Matanuska-Susitna Borough, Alaska",Aleut,1440.0,290.0,785.0,155.0,785.0,155.0,10.0,10.0,4.0,4.0,0.0151,0.0155,40.0,44.2668,0,0,1, ,0,0,0,66370.0,0.00015067048365225252,0.4,False
3,County,2170,0,0,2,170,NNNNN,49,"Matanuska-Susitna Borough, Alaska",Inupiat,1585.0,275.0,905.0,165.0,905.0,165.0,15.0,30.0,4.0,10.0,0.0226,0.0421,26.6667,21.9274,0,0,1, ,0,0,0,66370.0,0.00022600572547837878,0.26666666666666666,False
3,County,2170,0,0,2,170,NNNNN,50,"Matanuska-Susitna Borough, Alaska",Tlingit-Haida,350.0,120.0,225.0,80.0,225.0,80.0,4.0,4.0,0.0,4.0,0.006,0.0067,0.0,37.3945,0,0,0, ,0,0,0,66370.0,6.026819346090101e-05,0.0,False
3,County,2170,0,0,2,170,NNNNN,51,"Matanuska-Susitna Borough, Alaska",Tsimshian,120.0,85.0,55.0,40.0,55.0,40.0,0.0,4.0,0.0,0.0,0.0,0.0038,0.0,48.7723,0,0,0, ,0,0,0,66370.0,0.0,,False
3,County,2170,0,0,2,170,NNNNN,52,"Matanuska-Susitna Borough, Alaska",Yup'ik,1480.0,280.0,925.0,185.0,925.0,185.0,65.0,50.0,0.0,20.0,0.0979,0.0768,0.0,26.5973,0,0,0, ,0,0,0,66370.0,0.0009793581437396413,0.0,False
3,County,2170,0,0,2,170,NNNNN,53,"Matanuska-Susitna Borough, Alaska",Alaska Native Tribe - Tribe not Specified,1465.0,210.0,845.0,140.0,845.0,140.0,4.0,25.0,4.0,10.0,0.006,0.0393,100.0,25.7589,0,0,1, ,0,0,0,66370.0,6.026819346090101e-05,1.0,False
3,County,2170,0,0,2,170,NNNNN,59,"Matanuska-Susitna Borough, Alaska",Chinese (including Taiwanese),320.0,200.0,165.0,145.0,100.0,80.0,20.0,35.0,4.0,10.0,0.0301,0.0552,20.0,22.1225,0,0,1, ,0,0,0,66370.0,0.00030134096730450503,0.2,False
3,County,2170,0,0,2,170,NNNNN,60,"Matanuska-Susitna Borough, Alaska",Filipino,1015.0,240.0,535.0,140.0,420.0,115.0,60.0,35.0,4.0,4.0,0.0904,0.0559,6.6667,8.2546,0,0,1, ,0,0,0,66370.0,0.0009040229019135151,0.06666666666666667,False
3,County,2170,0,0,2,170,NNNNN,63,"Matanuska-Susitna Borough, Alaska",Japanese,170.0,120.0,95.0,65.0,55.0,35.0,4.0,4.0,0.0,4.0,0.006,0.0076,0.0,21.2424,0,0,0, ,0,0,0,66370.0,6.026819346090101e-05,0.0,False
3,County,2170,0,0,2,170,NNNNN,64,"Matanuska-Susitna Borough, Alaska",Korean,440.0,170.0,325.0,120.0,275.0,105.0,90.0,60.0,10.0,10.0,0.1356,0.0925,11.1111,7.8486,0,0,1, ,0,0,0,66370.0,0.0013560343528702728,0.1111111111111111,False
3,County,2170,0,0,2,170,NNNNN,69,"Matanuska-Susitna Borough, Alaska",Thai,135.0,105.0,85.0,65.0,70.0,55.0,10.0,15.0,4.0,4.0,0.0151,0.019,40.0,28.2463,0,0,1, ,0,0,0,66370.0,0.00015067048365225252,0.4,False
3,County,2170,0,0,2,170,NNNNN,70,"Matanuska-Susitna Borough, Alaska",Vietnamese,70.0,50.0,60.0,45.0,45.0,45.0,10.0,15.0,4.0,4.0,0.0151,0.0261,40.0,22.1047,0,0,1, ,0,0,0,66370.0,0.00015067048365225252,0.4,False
3,County,2180,0,0,2,180,NNNNN,2,"Nome Census Area, Alaska",Hispanic,170.0,0.0,85.0,4.0,75.0,10.0,4.0,10.0,4.0,4.0,0.0627,0.1218,100.0,25.4532,0,0,1, ,0,0,0,6380.0,0.0006269592476489029,1.0,False
3,County,2180,0,0,2,180,NNNNN,9,"Nome Census Area, Alaska",American Indian (Cherokee),20.0,25.0,15.0,15.0,15.0,15.0,0.0,0.0,0.0,0.0,0.0,0.007,0.0,47.4061,0,0,0, ,0,0,0,6380.0,0.0,,False
3,County,2180,0,0,2,180,NNNNN,45,"Nome Census Area, Alaska",American Indian (All other American Indian Tribes),90.0,70.0,40.0,30.0,40.0,30.0,0.0,4.0,0.0,0.0,0.0,0.0292,0.0,44.4971,0,0,0, ,0,0,0,6380.0,0.0,,False
3,County,2180,0,0,2,180,NNNNN,47,"Nome Census Area, Alaska",Alaskan Athabascan,70.0,30.0,50.0,25.0,50.0,25.0,0.0,4.0,0.0,4.0,0.0,0.04,0.0,50.8307,0,0,0, ,0,0,0,6380.0,0.0,,False
3,County,2180,0,0,2,180,NNNNN,48,"Nome Census Area, Alaska",Aleut,95.0,75.0,50.0,45.0,50.0,45.0,0.0,4.0,0.0,0.0,0.0,0.0236,0.0,72.1038,0,0,0, ,0,0,0,6380.0,0.0,,False
3,County,2180,0,0,2,180,NNNNN,49,"Nome Census Area, Alaska",Inupiat,4860.0,170.0,3045.0,105.0,3045.0,105.0,140.0,35.0,10.0,15.0,2.1944,0.5372,7.1429,6.8705,0,0,1, ,0,1,1,6380.0,0.0219435736677116,0.07142857142857142,False
3,County,2180,0,0,2,180,NNNNN,50,"Nome Census Area, Alaska",Tlingit-Haida,45.0,30.0,20.0,15.0,20.0,15.0,0.0,0.0,0.0,0.0,0.0,0.0077,0.0,32.75,0,0,0, ,0,0,0,6380.0,0.0,,False
3,County,2180,0,0,2,180,NNNNN,52,"Nome Census Area, Alaska",Yup'ik,2565.0,125.0,1530.0,70.0,1525.0,65.0,225.0,30.0,10.0,10.0,3.5266,0.4718,4.4444,10.6552,0,0,1, ,0,1,1,6380.0,0.03526645768025078,0.044444444444444446,False
3,County,2180,0,0,2,180,NNNNN,53,"Nome Census Area, Alaska",Alaska Native Tribe - Tribe not Specified,185.0,65.0,125.0,55.0,125.0,55.0,4.0,4.0,0.0,4.0,0.0627,0.0966,0.0,35.5332,0,0,0, ,0,0,0,6380.0,0.0006269592476489029,0.0,False
3,County,2180,0,0,2,180,NNNNN,59,"Nome Census Area, Alaska",Chinese (including Taiwanese),30.0,15.0,20.0,15.0,15.0,10.0,0.0,4.0,0.0,0.0,0.0,0.0282,0.0,38.3331,0,0,0, ,0,0,0,6380.0,0.0,,False
3,County,2180,0,0,2,180,NNNNN,60,"Nome Census Area, Alaska",Filipino,50.0,35.0,45.0,25.0,20.0,15.0,4.0,10.0,0.0,4.0,0.0627,0.1274,0.0,19.1182,0,0,0, ,0,0,0,6380.0,0.0006269592476489029,0.0,False
3,County,2180,0,0,2,180,NNNNN,64,"Nome Census Area, Alaska",Korean,20.0,20.0,20.0,20.0,15.0,15.0,4.0,4.0,0.0,4.0,0.0627,0.1114,0.0,21.7015,0,0,0, ,0,0,0,6380.0,0.0006269592476489029,0.0,False
3,County,2180,0,0,2,180,NNNNN,70,"Nome Census Area, Alaska",Vietnamese,35.0,30.0,20.0,20.0,15.0,15.0,10.0,10.0,4.0,4.0,0.1567,0.1663,40.0,22.9094,0,0,1, ,0,0,0,6380.0,0.001567398119122257,0.4,False
3,County,2185,0,0,2,185,NNNNN,2,"North Slope Borough, Alaska",Hispanic,320.0,0.0,210.0,4.0,160.0,20.0,35.0,15.0,4.0,4.0,0.5029,0.2477,11.4286,19.0144,0,0,1, ,0,0,0,6960.0,0.005028735632183908,0.11428571428571428,False
3,County,2185,0,0,2,185,NNNNN,9,"North Slope Borough, Alaska",American Indian (Cherokee),30.0,20.0,30.0,20.0,30.0,20.0,0.0,4.0,0.0,0.0,0.0,0.0136,0.0,37.087,0,0,0, ,0,0,0,6960.0,0.0,,False
3,County,2185,0,0,2,185,NNNNN,13,"North Slope Borough, Alaska",American Indian (Choctaw),40.0,45.0,30.0,40.0,30.0,40.0,0.0,4.0,0.0,4.0,0.0,0.0337,0.0,68.7436,0,0,0, ,0,0,0,6960.0,0.0,,False
3,County,2185,0,0,2,185,NNNNN,27,"North Slope Borough, Alaska",American Indian (Navajo),15.0,20.0,10.0,20.0,10.0,20.0,4.0,4.0,0.0,4.0,0.0575,0.0823,0.0,54.524,0,0,0, ,0,0,0,6960.0,0.0005747126436781609,0.0,False
3,County,2185,0,0,2,185,NNNNN,30,"North Slope Borough, Alaska",American Indian (Paiute),30.0,45.0,30.0,45.0,30.0,45.0,0.0,4.0,0.0,4.0,0.0,0.0374,0.0,57.8148,0,0,0, ,0,0,0,6960.0,0.0,,False
3,County,2185,0,0,2,185,NNNNN,45,"North Slope Borough, Alaska",American Indian (All other American Indian Tribes),45.0,45.0,45.0,45.0,45.0,45.0,0.0,4.0,0.0,4.0,0.0,0.0367,0.0,52.0044,0,0,0, ,0,0,0,6960.0,0.0,,False
3,County,2185,0,0,2,185,NNNNN,46,"North Slope Borough, Alaska",American Indian - Tribe not Specified,55.0,85.0,35.0,45.0,35.0,45.0,4.0,4.0,0.0,4.0,0.0575,0.0463,0.0,44.8822,0,0,0, ,0,0,0,6960.0,0.0005747126436781609,0.0,False
3,County,2185,0,0,2,185,NNNNN,47,"North Slope Borough, Alaska",Alaskan Athabascan,75.0,45.0,60.0,40.0,60.0,40.0,4.0,4.0,0.0,4.0,0.0575,0.0519,0.0,61.2012,0,0,0, ,0,0,0,6960.0,0.0005747126436781609,0.0,False
3,County,2185,0,0,2,185,NNNNN,48,"North Slope Borough, Alaska",Aleut,40.0,30.0,25.0,20.0,25.0,20.0,0.0,4.0,0.0,0.0,0.0,0.0147,0.0,69.5032,0,0,0, ,0,0,0,6960.0,0.0,,False
3,County,2185,0,0,2,185,NNNNN,49,"North Slope Borough, Alaska",Inupiat,4785.0,165.0,3005.0,135.0,3005.0,135.0,400.0,40.0,20.0,15.0,5.7471,0.5541,5.0,7.6382,0,1,1, ,1,1,1,6960.0,0.05747126436781609,0.05,True
3,County,2185,0,0,2,185,NNNNN,52,"North Slope Borough, Alaska",Yup'ik,65.0,70.0,50.0,55.0,50.0,50.0,0.0,10.0,0.0,4.0,0.0,0.1727,0.0,69.719,0,0,0, ,0,0,0,6960.0,0.0,,False
3,County,2185,0,0,2,185,NNNNN,53,"North Slope Borough, Alaska",Alaska Native Tribe - Tribe not Specified,310.0,85.0,200.0,65.0,190.0,65.0,15.0,10.0,4.0,4.0,0.2155,0.1127,26.6667,31.7666,0,0,1, ,0,0,0,6960.0,0.0021551724137931034,0.26666666666666666,False
3,County,2185,0,0,2,185,NNNNN,60,"North Slope Borough, Alaska",Filipino,350.0,75.0,285.0,55.0,195.0,45.0,55.0,25.0,4.0,4.0,0.7902,0.3519,7.2727,8.6864,0,0,1, ,0,0,0,6960.0,0.007902298850574713,0.07272727272727272,False
3,County,2185,0,0,2,185,NNNNN,69,"North Slope Borough, Alaska",Thai,70.0,55.0,65.0,50.0,45.0,35.0,10.0,10.0,4.0,4.0,0.1437,0.1714,40.0,21.4286,0,0,1, ,0,0,0,6960.0,0.0014367816091954023,0.4,False
3,County,2188,0,0,2,188,NNNNN,2,"Northwest Arctic Borough, Alaska",Hispanic,110.0,4.0,75.0,25.0,65.0,25.0,4.0,4.0,0.0,4.0,0.0813,0.1385,0.0,40.5555,0,0,0, ,0,0,0,4920.0,0.0008130081300813008,0.0,False
3,County,2188,0,0,2,188,NNNNN,45,"Northwest Arctic Borough, Alaska",American Indian (All other American Indian Tribes),4.0,4.0,4.0,4.0,4.0,4.0,0.0,0.0,0.0,0.0,0.0,0.0095,0.0,58.0701,0,0,0, ,0,0,0,4920.0,0.0,,False
3,County,2188,0,0,2,188,NNNNN,47,"Northwest Arctic Borough, Alaska",Alaskan Athabascan,25.0,20.0,15.0,15.0,15.0,15.0,0.0,4.0,0.0,4.0,0.0,0.0323,0.0,59.1603,0,0,0, ,0,0,0,4920.0,0.0,,False
3,County,2188,0,0,2,188,NNNNN,48,"Northwest Arctic Borough, Alaska",Aleut,4.0,4.0,4.0,4.0,4.0,4.0,0.0,0.0,0.0,0.0,0.0,0.007,0.0,71.2591,0,0,0, ,0,0,0,4920.0,0.0,,False
3,County,2188,0,0,2,188,NNNNN,49,"Northwest Arctic Borough, Alaska",Inupiat,6355.0,80.0,3885.0,65.0,3885.0,65.0,260.0,40.0,25.0,15.0,5.2846,0.8007,9.6154,5.3474,0,1,1, ,1,1,1,4920.0,0.052845528455284556,0.09615384615384616,True
3,County,2188,0,0,2,188,NNNNN,50,"Northwest Arctic Borough, Alaska",Tlingit-Haida,15.0,10.0,10.0,10.0,10.0,10.0,0.0,0.0,0.0,0.0,0.0,0.0079,0.0,32.2524,0,0,0, ,0,0,0,4920.0,0.0,,False
3,County,2188,0,0,2,188,NNNNN,52,"Northwest Arctic Borough, Alaska",Yup'ik,60.0,35.0,40.0,25.0,40.0,25.0,10.0,4.0,0.0,4.0,0.2033,0.121,0.0,55.4029,0,0,0, ,0,0,0,4920.0,0.0020325203252032522,0.0,False
3,County,2188,0,0,2,188,NNNNN,53,"Northwest Arctic Borough, Alaska",Alaska Native Tribe - Tribe not Specified,65.0,35.0,50.0,30.0,50.0,30.0,4.0,4.0,0.0,4.0,0.0813,0.0798,0.0,48.202,0,0,0, ,0,0,0,4920.0,0.0008130081300813008,0.0,False
3,County,2188,0,0,2,188,NNNNN,60,"Northwest Arctic Borough, Alaska",Filipino,20.0,15.0,20.0,10.0,15.0,10.0,4.0,4.0,0.0,4.0,0.0813,0.0735,0.0,25.9711,0,0,0, ,0,0,0,4920.0,0.0008130081300813008,0.0,False
3,County,2188,0,0,2,188,NNNNN,63,"Northwest Arctic Borough, Alaska",Japanese,35.0,15.0,20.0,10.0,15.0,10.0,4.0,4.0,0.0,0.0,0.0813,0.032,0.0,17.4666,0,0,0, ,0,0,0,4920.0,0.0008130081300813008,0.0,False
3,County,2188,0,0,2,188,NNNNN,64,"Northwest Arctic Borough, Alaska",Korean,45.0,25.0,15.0,15.0,15.0,15.0,4.0,4.0,0.0,4.0,0.0813,0.0945,0.0,19.2465,0,0,0, ,0,0,0,4920.0,0.0008130081300813008,0.0,False
3,County,2195,0,0,2,195,NNNNN,2,"Petersburg Borough, Alaska",Hispanic,240.0,95.0,175.0,85.0,120.0,60.0,40.0,15.0,4.0,4.0,1.6598,0.6778,10.0,21.9899,0,0,1, ,0,0,0,2410.0,0.016597510373443983,0.1,False
3,County,2195,0,0,2,195,NNNNN,9,"Petersburg Borough, Alaska",American Indian (Cherokee),35.0,30.0,35.0,30.0,35.0,30.0,0.0,4.0,0.0,0.0,0.0,0.0506,0.0,35.4534,0,0,0, ,0,0,0,2410.0,0.0,,False
3,County,2195,0,0,2,195,NNNNN,48,"Petersburg Borough, Alaska",Aleut,10.0,10.0,4.0,4.0,4.0,4.0,0.0,0.0,0.0,0.0,0.0,0.0153,0.0,68.7929,0,0,0, ,0,0,0,2410.0,0.0,,False
3,County,2195,0,0,2,195,NNNNN,50,"Petersburg Borough, Alaska",Tlingit-Haida,400.0,105.0,265.0,70.0,265.0,70.0,4.0,4.0,0.0,4.0,0.166,0.1696,0.0,31.2487,0,0,0, ,0,0,0,2410.0,0.0016597510373443983,0.0,False
3,County,2195,0,0,2,195,NNNNN,53,"Petersburg Borough, Alaska",Alaska Native Tribe - Tribe not Specified,30.0,20.0,15.0,10.0,15.0,10.0,0.0,4.0,0.0,0.0,0.0,0.0486,0.0,51.8705,0,0,0, ,0,0,0,2410.0,0.0,,False
3,County,2195,0,0,2,195,NNNNN,60,"Petersburg Borough, Alaska",Filipino,40.0,25.0,25.0,25.0,20.0,20.0,4.0,4.0,0.0,4.0,0.166,0.2614,0.0,18.2353,0,0,0, ,0,0,0,2410.0,0.0016597510373443983,0.0,False
3,County,2195,0,0,2,195,NNNNN,63,"Petersburg Borough, Alaska",Japanese,35.0,25.0,15.0,20.0,15.0,20.0,0.0,4.0,0.0,0.0,0.0,0.0667,0.0,19.5669,0,0,0, ,0,0,0,2410.0,0.0,,False
3,County,2195,0,0,2,195,NNNNN,64,"Petersburg Borough, Alaska",Korean,15.0,25.0,15.0,20.0,10.0,15.0,4.0,10.0,0.0,4.0,0.166,0.4101,0.0,17.5938,0,0,0, ,0,0,0,2410.0,0.0016597510373443983,0.0,False
3,County,2198,0,0,2,198,NNNNN,2,"Prince of Wales-Hyder Census Area, Alaska",Hispanic,185.0,4.0,110.0,4.0,100.0,4.0,4.0,10.0,0.0,4.0,0.0842,0.1646,0.0,39.3879,0,0,0, ,0,0,0,4750.0,0.0008421052631578948,0.0,False
3,County,2198,0,0,2,198,NNNNN,6,"Prince of Wales-Hyder Census Area, Alaska",American Indian (Blackfeet),10.0,10.0,4.0,10.0,4.0,10.0,0.0,0.0,0.0,0.0,0.0,0.0054,0.0,59.3537,0,0,0, ,0,0,0,4750.0,0.0,,False
3,County,2198,0,0,2,198,NNNNN,9,"Prince of Wales-Hyder Census Area, Alaska",American Indian (Cherokee),30.0,25.0,15.0,10.0,15.0,10.0,0.0,0.0,0.0,0.0,0.0,0.0076,0.0,41.8924,0,0,0, ,0,0,0,4750.0,0.0,,False
3,County,2198,0,0,2,198,NNNNN,12,"Prince of Wales-Hyder Census Area, Alaska",American Indian (Chippewa),15.0,15.0,15.0,15.0,15.0,15.0,0.0,0.0,0.0,0.0,0.0,0.01,0.0,37.6911,0,0,0, ,0,0,0,4750.0,0.0,,False
3,County,2198,0,0,2,198,NNNNN,13,"Prince of Wales-Hyder Census Area, Alaska",American Indian (Choctaw),15.0,15.0,15.0,15.0,15.0,15.0,4.0,4.0,0.0,0.0,0.0842,0.0146,0.0,64.4236,0,0,0, ,0,0,0,4750.0,0.0008421052631578948,0.0,False
3,County,2198,0,0,2,198,NNNNN,22,"Prince of Wales-Hyder Census Area, Alaska",American Indian (Iroquois),15.0,15.0,10.0,10.0,10.0,10.0,0.0,0.0,0.0,0.0,0.0,0.0076,0.0,12.6899,0,0,0, ,0,0,0,4750.0,0.0,,False
3,County,2198,0,0,2,198,NNNNN,37,"Prince of Wales-Hyder Census Area, Alaska",American Indian (Sioux),4.0,4.0,4.0,4.0,4.0,4.0,0.0,0.0,0.0,0.0,0.0,0.0058,0.0,28.8976,0,0,0, ,0,0,0,4750.0,0.0,,False
3,County,2198,0,0,2,198,NNNNN,45,"Prince of Wales-Hyder Census Area, Alaska",American Indian (All other American Indian Tribes),35.0,20.0,30.0,15.0,30.0,15.0,0.0,4.0,0.0,0.0,0.0,0.025,0.0,39.5491,0,0,0, ,0,0,0,4750.0,0.0,,False
3,County,2198,0,0,2,198,NNNNN,47,"Prince of Wales-Hyder Census Area, Alaska",Alaskan Athabascan,40.0,20.0,30.0,20.0,30.0,20.0,0.0,4.0,0.0,4.0,0.0,0.0536,0.0,59.8433,0,0,0, ,0,0,0,4750.0,0.0,,False
3,County,2198,0,0,2,198,NNNNN,48,"Prince of Wales-Hyder Census Area, Alaska",Aleut,65.0,40.0,45.0,25.0,45.0,25.0,0.0,4.0,0.0,4.0,0.0,0.0299,0.0,65.6286,0,0,0, ,0,0,0,4750.0,0.0,,False
3,County,2198,0,0,2,198,NNNNN,49,"Prince of Wales-Hyder Census Area, Alaska",Inupiat,75.0,55.0,55.0,45.0,55.0,45.0,4.0,4.0,0.0,4.0,0.0842,0.1016,0.0,46.8407,0,0,0, ,0,0,0,4750.0,0.0008421052631578948,0.0,False
3,County,2198,0,0,2,198,NNNNN,50,"Prince of Wales-Hyder Census Area, Alaska",Tlingit-Haida,1495.0,130.0,1080.0,75.0,1080.0,75.0,10.0,10.0,0.0,4.0,0.2105,0.1702,0.0,18.4742,0,0,0, ,0,0,0,4750.0,0.002105263157894737,0.0,False
3,County,2198,0,0,2,198,NNNNN,51,"Prince of Wales-Hyder Census Area, Alaska",Tsimshian,1425.0,125.0,970.0,85.0,970.0,190.0,4.0,10.0,0.0,0.0,0.0842,0.1982,0.0,1.8952,0,0,0, ,0,0,0,4750.0,0.0008421052631578948,0.0,False
3,County,2198,0,0,2,198,NNNNN,52,"Prince of Wales-Hyder Census Area, Alaska",Yup'ik,25.0,15.0,20.0,10.0,20.0,10.0,0.0,4.0,0.0,4.0,0.0,0.0763,0.0,62.8694,0,0,0, ,0,0,0,4750.0,0.0,,False
3,County,2198,0,0,2,198,NNNNN,53,"Prince of Wales-Hyder Census Area, Alaska",Alaska Native Tribe - Tribe not Specified,145.0,55.0,95.0,45.0,95.0,45.0,4.0,4.0,0.0,4.0,0.0842,0.1099,0.0,41.504,0,0,0, ,0,0,0,4750.0,0.0008421052631578948,0.0,False
3,County,2198,0,0,2,198,NNNNN,60,"Prince of Wales-Hyder Census Area, Alaska",Filipino,75.0,25.0,45.0,15.0,35.0,15.0,4.0,4.0,0.0,4.0,0.0842,0.1179,0.0,16.6762,0,0,0, ,0,0,0,4750.0,0.0008421052631578948,0.0,False
3,County,2220,0,0,2,220,NNNNN,2,"Sitka City and Borough, Alaska",Hispanic,505.0,4.0,320.0,4.0,275.0,25.0,40.0,20.0,4.0,10.0,0.6061,0.3035,10.0,28.4294,0,0,1, ,0,0,0,6600.0,0.006060606060606061,0.1,False
3,County,2220,0,0,2,220,NNNNN,9,"Sitka City and Borough, Alaska",American Indian (Cherokee),50.0,30.0,40.0,25.0,40.0,25.0,0.0,4.0,0.0,0.0,0.0,0.0191,0.0,33.3004,0,0,0, ,0,0,0,6600.0,0.0,,False
3,County,2220,0,0,2,220,NNNNN,13,"Sitka City and Borough, Alaska",American Indian (Choctaw),60.0,65.0,15.0,10.0,15.0,10.0,0.0,4.0,0.0,0.0,0.0,0.0116,0.0,61.7957,0,0,0, ,0,0,0,6600.0,0.0,,False
3,County,2220,0,0,2,220,NNNNN,45,"Sitka City and Borough, Alaska",American Indian (All other American Indian Tribes),20.0,15.0,20.0,15.0,20.0,15.0,0.0,4.0,0.0,0.0,0.0,0.0116,0.0,60.0303,0,0,0, ,0,0,0,6600.0,0.0,,False
3,County,2220,0,0,2,220,NNNNN,47,"Sitka City and Borough, Alaska",Alaskan Athabascan,45.0,45.0,40.0,45.0,40.0,45.0,4.0,4.0,0.0,4.0,0.0606,0.0536,0.0,70.8245,0,0,0, ,0,0,0,6600.0,0.0006060606060606061,0.0,False
3,County,2220,0,0,2,220,NNNNN,48,"Sitka City and Borough, Alaska",Aleut,100.0,55.0,70.0,40.0,70.0,40.0,0.0,4.0,0.0,4.0,0.0,0.0384,0.0,62.671,0,0,0, ,0,0,0,6600.0,0.0,,False
3,County,2220,0,0,2,220,NNNNN,49,"Sitka City and Borough, Alaska",Inupiat,30.0,30.0,30.0,30.0,30.0,30.0,4.0,4.0,0.0,4.0,0.0606,0.0631,0.0,47.9292,0,0,0, ,0,0,0,6600.0,0.0006060606060606061,0.0,False
3,County,2220,0,0,2,220,NNNNN,50,"Sitka City and Borough, Alaska",Tlingit-Haida,1545.0,130.0,1020.0,85.0,1020.0,85.0,15.0,15.0,0.0,4.0,0.2273,0.1885,0.0,26.1845,0,0,0, ,0,0,0,6600.0,0.0022727272727272726,0.0,False
3,County,2220,0,0,2,220,NNNNN,51,"Sitka City and Borough, Alaska",Tsimshian,145.0,65.0,95.0,45.0,95.0,50.0,0.0,4.0,0.0,0.0,0.0,0.0551,0.0,42.2818,0,0,0, ,0,0,0,6600.0,0.0,,False
3,County,2220,0,0,2,220,NNNNN,52,"Sitka City and Borough, Alaska",Yup'ik,50.0,45.0,45.0,45.0,45.0,45.0,10.0,10.0,0.0,4.0,0.1515,0.1643,0.0,60.0198,0,0,0, ,0,0,0,6600.0,0.0015151515151515152,0.0,False
3,County,2220,0,0,2,220,NNNNN,53,"Sitka City and Borough, Alaska",Alaska Native Tribe - Tribe not Specified,150.0,75.0,110.0,60.0,110.0,60.0,4.0,4.0,0.0,4.0,0.0606,0.0974,0.0,46.5083,0,0,0, ,0,0,0,6600.0,0.0006060606060606061,0.0,False
3,County,2220,0,0,2,220,NNNNN,60,"Sitka City and Borough, Alaska",Filipino,555.0,60.0,390.0,55.0,265.0,50.0,90.0,25.0,4.0,4.0,1.3636,0.4059,4.4444,7.1452,0,0,1, ,0,0,0,6600.0,0.013636363636363636,0.044444444444444446,False
3,County,2220,0,0,2,220,NNNNN,63,"Sitka City and Borough, Alaska",Japanese,40.0,30.0,30.0,25.0,30.0,25.0,4.0,4.0,0.0,0.0,0.0606,0.0268,0.0,20.5345,0,0,0, ,0,0,0,6600.0,0.0006060606060606061,0.0,False
3,County,2220,0,0,2,220,NNNNN,64,"Sitka City and Borough, Alaska",Korean,60.0,50.0,60.0,50.0,50.0,45.0,25.0,20.0,0.0,4.0,0.3788,0.27,0.0,19.8859,0,0,0, ,0,0,0,6600.0,0.003787878787878788,0.0,False
3,County,2230,0,0,2,230,NNNNN,2,"Skagway Municipality, Alaska",Hispanic,30.0,30.0,30.0,30.0,30.0,25.0,4.0,4.0,0.0,4.0,0.5479,0.4441,0.0,50.463,0,0,0, ,0,0,0,730.0,0.005479452054794521,0.0,False
3,County,2230,0,0,2,230,NNNNN,49,"Skagway Municipality, Alaska",Inupiat,30.0,40.0,30.0,40.0,30.0,40.0,4.0,4.0,0.0,4.0,0.5479,0.8282,0.0,50.3548,0,0,0, ,0,0,0,730.0,0.005479452054794521,0.0,False
3,County,2230,0,0,2,230,NNNNN,50,"Skagway Municipality, Alaska",Tlingit-Haida,20.0,15.0,20.0,10.0,20.0,10.0,0.0,0.0,0.0,0.0,0.0,0.0708,0.0,34.0401,0,0,0, ,0,0,0,730.0,0.0,,False
3,County,2230,0,0,2,230,NNNNN,52,"Skagway Municipality, Alaska",Yup'ik,4.0,10.0,4.0,10.0,4.0,10.0,0.0,4.0,0.0,4.0,0.0,0.349,0.0,66.6542,0,0,0, ,0,0,0,730.0,0.0,,False
3,County,2230,0,0,2,230,NNNNN,56,"Skagway Municipality, Alaska",Asian Indian,10.0,15.0,10.0,15.0,4.0,10.0,4.0,4.0,0.0,4.0,0.5479,0.507,0.0,26.4197,0,0,0, ,0,0,0,730.0,0.005479452054794521,0.0,False
3,County,2230,0,0,2,230,NNNNN,60,"Skagway Municipality, Alaska",Filipino,110.0,185.0,105.0,185.0,60.0,110.0,30.0,45.0,4.0,4.0,4.1096,6.3756,13.3333,18.7555,0,0,1, ,0,0,0,730.0,0.0410958904109589,0.13333333333333333,False
3,County,2240,0,0,2,240,NNNNN,2,"Southeast Fairbanks Census Area, Alaska",Hispanic,305.0,4.0,190.0,4.0,185.0,10.0,20.0,15.0,4.0,4.0,0.4077,0.2645,20.0,33.5223,0,0,1, ,0,0,0,4905.0,0.004077471967380225,0.2,False
3,County,2240,0,0,2,240,NNNNN,6,"Southeast Fairbanks Census Area, Alaska",American Indian (Blackfeet),25.0,25.0,10.0,10.0,10.0,10.0,0.0,0.0,0.0,0.0,0.0,0.0115,0.0,51.4686,0,0,0, ,0,0,0,4905.0,0.0,,False
3,County,2240,0,0,2,240,NNNNN,45,"Southeast Fairbanks Census Area, Alaska",American Indian (All other American Indian Tribes),15.0,15.0,15.0,15.0,15.0,15.0,0.0,4.0,0.0,0.0,0.0,0.018,0.0,53.0358,0,0,0, ,0,0,0,4905.0,0.0,,False
3,County,2240,0,0,2,240,NNNNN,47,"Southeast Fairbanks Census Area, Alaska",Alaskan Athabascan,810.0,80.0,550.0,55.0,550.0,55.0,25.0,10.0,15.0,4.0,0.5097,0.2426,60.0,27.5567,0,0,1, ,0,1,1,4905.0,0.0050968399592252805,0.6,False
3,County,2240,0,0,2,240,NNNNN,53,"Southeast Fairbanks Census Area, Alaska",Alaska Native Tribe - Tribe not Specified,70.0,35.0,50.0,25.0,50.0,25.0,4.0,4.0,0.0,4.0,0.0815,0.0685,0.0,45.6162,0,0,0, ,0,0,0,4905.0,0.0008154943934760449,0.0,False
3,County,2240,0,0,2,240,NNNNN,60,"Southeast Fairbanks Census Area, Alaska",Filipino,45.0,25.0,25.0,15.0,15.0,15.0,4.0,4.0,0.0,4.0,0.0815,0.1108,0.0,18.3962,0,0,0, ,0,0,0,4905.0,0.0008154943934760449,0.0,False
3,County,2240,0,0,2,240,NNNNN,64,"Southeast Fairbanks Census Area, Alaska",Korean,20.0,30.0,20.0,30.0,10.0,15.0,4.0,4.0,0.0,4.0,0.0815,0.1114,0.0,23.3983,0,0,0, ,0,0,0,4905.0,0.0008154943934760449,0.0,False
3,County,2261,0,0,2,261,NNNNN,2,"Valdez-Cordova Census Area, Alaska",Hispanic,410.0,4.0,265.0,4.0,245.0,15.0,10.0,15.0,0.0,4.0,0.1395,0.1919,0.0,44.1187,0,0,0, ,0,0,0,7170.0,0.001394700139470014,0.0,False
3,County,2261,0,0,2,261,NNNNN,9,"Valdez-Cordova Census Area, Alaska",American Indian (Cherokee),25.0,30.0,20.0,25.0,20.0,25.0,0.0,4.0,0.0,0.0,0.0,0.009,0.0,42.5088,0,0,0, ,0,0,0,7170.0,0.0,,False
3,County,2261,0,0,2,261,NNNNN,37,"Valdez-Cordova Census Area, Alaska",American Indian (Sioux),20.0,30.0,20.0,30.0,20.0,30.0,0.0,4.0,0.0,0.0,0.0,0.0103,0.0,23.4467,0,0,0, ,0,0,0,7170.0,0.0,,False
3,County,2261,0,0,2,261,NNNNN,47,"Valdez-Cordova Census Area, Alaska",Alaskan Athabascan,795.0,120.0,595.0,80.0,595.0,80.0,15.0,15.0,4.0,4.0,0.2092,0.2027,26.6667,31.2948,0,0,1, ,0,1,1,7170.0,0.0020920502092050207,0.26666666666666666,False
3,County,2261,0,0,2,261,NNNNN,48,"Valdez-Cordova Census Area, Alaska",Aleut,665.0,130.0,365.0,80.0,365.0,80.0,4.0,4.0,0.0,4.0,0.0558,0.0856,0.0,59.7304,0,0,0, ,0,0,0,7170.0,0.0005578800557880056,0.0,False
3,County,2261,0,0,2,261,NNNNN,49,"Valdez-Cordova Census Area, Alaska",Inupiat,30.0,20.0,25.0,20.0,25.0,20.0,4.0,4.0,0.0,4.0,0.0558,0.0377,0.0,50.6798,0,0,0, ,0,0,0,7170.0,0.0005578800557880056,0.0,False
3,County,2261,0,0,2,261,NNNNN,50,"Valdez-Cordova Census Area, Alaska",Tlingit-Haida,95.0,80.0,30.0,30.0,30.0,30.0,0.0,4.0,0.0,0.0,0.0,0.0187,0.0,29.5713,0,0,0, ,0,0,0,7170.0,0.0,,False
3,County,2261,0,0,2,261,NNNNN,52,"Valdez-Cordova Census Area, Alaska",Yup'ik,40.0,40.0,30.0,25.0,30.0,25.0,4.0,4.0,0.0,4.0,0.0558,0.0919,0.0,62.5612,0,0,0, ,0,0,0,7170.0,0.0005578800557880056,0.0,False
3,County,2261,0,0,2,261,NNNNN,53,"Valdez-Cordova Census Area, Alaska",Alaska Native Tribe - Tribe not Specified,205.0,85.0,135.0,65.0,135.0,65.0,4.0,10.0,0.0,4.0,0.0558,0.1234,0.0,46.0268,0,0,0, ,0,0,0,7170.0,0.0005578800557880056,0.0,False
3,County,2261,0,0,2,261,NNNNN,59,"Valdez-Cordova Census Area, Alaska",Chinese (including Taiwanese),40.0,40.0,30.0,35.0,15.0,20.0,4.0,4.0,0.0,4.0,0.0558,0.0816,0.0,30.7725,0,0,0, ,0,0,0,7170.0,0.0005578800557880056,0.0,False
3,County,2261,0,0,2,261,NNNNN,60,"Valdez-Cordova Census Area, Alaska",Filipino,265.0,125.0,170.0,100.0,145.0,85.0,40.0,25.0,20.0,4.0,0.5579,0.3627,50.0,11.996,0,0,1, ,0,0,0,7170.0,0.005578800557880056,0.5,False
3,County,2261,0,0,2,261,NNNNN,63,"Valdez-Cordova Census Area, Alaska",Japanese,40.0,50.0,40.0,50.0,35.0,50.0,4.0,4.0,0.0,4.0,0.0558,0.0402,0.0,27.1445,0,0,0, ,0,0,0,7170.0,0.0005578800557880056,0.0,False
3,County,2261,0,0,2,261,NNNNN,64,"Valdez-Cordova Census Area, Alaska",Korean,20.0,25.0,15.0,25.0,15.0,15.0,4.0,4.0,4.0,4.0,0.0558,0.0583,100.0,22.0553,0,0,1, ,0,0,0,7170.0,0.0005578800557880056,1.0,False
3,County,2270,0,0,2,270,NNNNN,2,"Wade Hampton Census Area, Alaska",Hispanic,20.0,15.0,10.0,10.0,10.0,10.0,4.0,4.0,0.0,4.0,0.0875,0.0693,0.0,41.8455,0,0,0, ,0,0,0,4570.0,0.00087527352297593,0.0,False
3,County,2270,0,0,2,270,NNNNN,45,"Wade Hampton Census Area, Alaska",American Indian (All other American Indian Tribes),10.0,10.0,10.0,10.0,10.0,10.0,4.0,0.0,4.0,0.0,0.0875,0.0091,100.0,58.9408,0,0,1, ,0,0,0,4570.0,0.00087527352297593,1.0,False
3,County,2270,0,0,2,270,NNNNN,47,"Wade Hampton Census Area, Alaska",Alaskan Athabascan,25.0,10.0,20.0,10.0,20.0,10.0,0.0,4.0,0.0,0.0,0.0,0.0366,0.0,58.3149,0,0,0, ,0,0,0,4570.0,0.0,,False
3,County,2270,0,0,2,270,NNNNN,49,"Wade Hampton Census Area, Alaska",Inupiat,980.0,105.0,600.0,70.0,600.0,70.0,50.0,15.0,15.0,4.0,1.0941,0.3235,30.0,18.567,0,0,1, ,0,1,1,4570.0,0.010940919037199124,0.3,False
3,County,2270,0,0,2,270,NNNNN,50,"Wade Hampton Census Area, Alaska",Tlingit-Haida,15.0,15.0,10.0,10.0,10.0,10.0,0.0,4.0,0.0,0.0,0.0,0.0141,0.0,36.1566,0,0,0, ,0,0,0,4570.0,0.0,,False
3,County,2270,0,0,2,270,NNNNN,52,"Wade Hampton Census Area, Alaska",Yup'ik,5985.0,135.0,3435.0,80.0,3430.0,80.0,340.0,40.0,90.0,15.0,7.4398,0.9133,26.4706,5.5004,0,1,1, ,1,1,1,4570.0,0.07439824945295405,0.2647058823529412,True
3,County,2270,0,0,2,270,NNNNN,53,"Wade Hampton Census Area, Alaska",Alaska Native Tribe - Tribe not Specified,80.0,35.0,50.0,20.0,50.0,20.0,4.0,4.0,0.0,4.0,0.0875,0.0867,0.0,42.1176,0,0,0, ,0,0,0,4570.0,0.00087527352297593,0.0,False
3,County,2270,0,0,2,270,NNNNN,54,"Wade Hampton Census Area, Alaska",American Indian (American Indian or Alaska Native - Not Specified),260.0,45.0,155.0,30.0,155.0,30.0,4.0,4.0,4.0,4.0,0.0875,0.115,100.0,34.0907,0,0,1, ,0,0,0,4570.0,0.00087527352297593,1.0,False
3,County,2270,0,0,2,270,NNNNN,60,"Wade Hampton Census Area, Alaska",Filipino,40.0,4.0,25.0,4.0,15.0,4.0,4.0,4.0,0.0,4.0,0.0875,0.0816,0.0,17.7861,0,0,0, ,0,0,0,4570.0,0.00087527352297593,0.0,False
3,County,2275,0,0,2,275,NNNNN,2,"Wrangell City and Borough, Alaska",Hispanic,25.0,25.0,15.0,20.0,15.0,20.0,4.0,4.0,0.0,4.0,0.2041,0.1129,0.0,50.0641,0,0,0, ,0,0,0,1960.0,0.0020408163265306124,0.0,False
3,County,2275,0,0,2,275,NNNNN,9,"Wrangell City and Borough, Alaska",American Indian (Cherokee),25.0,20.0,10.0,10.0,10.0,10.0,0.0,0.0,0.0,0.0,0.0,0.0264,0.0,32.6154,0,0,0, ,0,0,0,1960.0,0.0,,False
3,County,2275,0,0,2,275,NNNNN,12,"Wrangell City and Borough, Alaska",American Indian (Chippewa),25.0,25.0,15.0,15.0,15.0,15.0,0.0,4.0,0.0,0.0,0.0,0.0299,0.0,38.0339,0,0,0, ,0,0,0,1960.0,0.0,,False
3,County,2275,0,0,2,275,NNNNN,13,"Wrangell City and Borough, Alaska",American Indian (Choctaw),10.0,15.0,10.0,15.0,10.0,15.0,0.0,4.0,0.0,0.0,0.0,0.0343,0.0,64.7829,0,0,0, ,0,0,0,1960.0,0.0,,False
3,County,2275,0,0,2,275,NNNNN,24,"Wrangell City and Borough, Alaska",American Indian (Lumbee),4.0,4.0,4.0,4.0,4.0,4.0,0.0,0.0,0.0,0.0,0.0,0.0053,0.0,73.1347,0,0,0, ,0,0,0,1960.0,0.0,,False
3,County,2275,0,0,2,275,NNNNN,47,"Wrangell City and Borough, Alaska",Alaskan Athabascan,30.0,20.0,25.0,20.0,25.0,20.0,0.0,4.0,0.0,4.0,0.0,0.1239,0.0,60.6327,0,0,0, ,0,0,0,1960.0,0.0,,False
3,County,2275,0,0,2,275,NNNNN,48,"Wrangell City and Borough, Alaska",Aleut,70.0,40.0,65.0,40.0,65.0,40.0,0.0,4.0,0.0,4.0,0.0,0.0932,0.0,68.0178,0,0,0, ,0,0,0,1960.0,0.0,,False
3,County,2275,0,0,2,275,NNNNN,49,"Wrangell City and Borough, Alaska",Inupiat,25.0,30.0,20.0,30.0,20.0,30.0,0.0,4.0,0.0,4.0,0.0,0.1654,0.0,50.9651,0,0,0, ,0,0,0,1960.0,0.0,,False
3,County,2275,0,0,2,275,NNNNN,50,"Wrangell City and Borough, Alaska",Tlingit-Haida,305.0,70.0,230.0,50.0,230.0,50.0,4.0,4.0,0.0,4.0,0.2041,0.1958,0.0,28.079,0,0,0, ,0,0,0,1960.0,0.0020408163265306124,0.0,False
3,County,2275,0,0,2,275,NNNNN,53,"Wrangell City and Borough, Alaska",Alaska Native Tribe - Tribe not Specified,15.0,10.0,15.0,10.0,15.0,10.0,0.0,4.0,0.0,0.0,0.0,0.0677,0.0,54.9032,0,0,0, ,0,0,0,1960.0,0.0,,False
3,County,2275,0,0,2,275,NNNNN,60,"Wrangell City and Borough, Alaska",Filipino,55.0,40.0,40.0,35.0,20.0,20.0,4.0,10.0,0.0,4.0,0.2041,0.4364,0.0,15.8203,0,0,0, ,0,0,0,1960.0,0.0020408163265306124,0.0,False
3,County,2282,0,0,2,282,NNNNN,2,"Yakutat City and Borough, Alaska",Hispanic,25.0,20.0,15.0,15.0,10.0,4.0,4.0,4.0,0.0,4.0,0.8791,0.6448,0.0,48.1302,0,0,0, ,0,0,0,455.0,0.008791208791208791,0.0,False
3,County,2282,0,0,2,282,NNNNN,47,"Yakutat City and Borough, Alaska",Alaskan Athabascan,15.0,10.0,10.0,4.0,10.0,4.0,0.0,4.0,0.0,0.0,0.0,0.2144,0.0,63.017,0,0,0, ,0,0,0,455.0,0.0,,False
3,County,2282,0,0,2,282,NNNNN,48,"Yakutat City and Borough, Alaska",Aleut,4.0,4.0,4.0,4.0,4.0,4.0,0.0,0.0,0.0,0.0,0.0,0.0671,0.0,72.7518,0,0,0, ,0,0,0,455.0,0.0,,False
3,County,2282,0,0,2,282,NNNNN,49,"Yakutat City and Borough, Alaska",Inupiat,25.0,15.0,20.0,10.0,20.0,10.0,0.0,4.0,0.0,4.0,0.0,0.4029,0.0,50.0096,0,0,0, ,0,0,0,455.0,0.0,,False
3,County,2282,0,0,2,282,NNNNN,50,"Yakutat City and Borough, Alaska",Tlingit-Haida,235.0,45.0,145.0,30.0,145.0,30.0,4.0,4.0,0.0,0.0,0.8791,0.5222,0.0,21.7193,0,0,0, ,0,0,0,455.0,0.008791208791208791,0.0,False
3,County,2282,0,0,2,282,NNNNN,53,"Yakutat City and Borough, Alaska",Alaska Native Tribe - Tribe not Specified,20.0,10.0,15.0,10.0,15.0,10.0,0.0,4.0,0.0,0.0,0.0,0.3268,0.0,49.0893,0,0,0, ,0,0,0,455.0,0.0,,False
3,County,2282,0,0,2,282,NNNNN,60,"Yakutat City and Borough, Alaska",Filipino,20.0,25.0,20.0,25.0,10.0,15.0,4.0,4.0,0.0,4.0,0.8791,1.1129,0.0,19.9242,0,0,0, ,0,0,0,455.0,0.008791208791208791,0.0,False
3,County,2282,0,0,2,282,NNNNN,63,"Yakutat City and Borough, Alaska",Japanese,4.0,10.0,4.0,10.0,4.0,4.0,0.0,0.0,0.0,0.0,0.0,0.1124,0.0,27.082,0,0,0, ,0,0,0,455.0,0.0,,False
3,County,2282,0,0,2,282,NNNNN,64,"Yakutat City and Borough, Alaska",Korean,10.0,10.0,4.0,4.0,4.0,4.0,0.0,4.0,0.0,0.0,0.0,0.179,0.0,32.7464,0,0,0, ,0,0,0,455.0,0.0,,False
3,County,2290,0,0,2,290,NNNNN,2,"Yukon-Koyukuk Census Area, Alaska",Hispanic,90.0,0.0,25.0,15.0,25.0,15.0,4.0,4.0,4.0,4.0,0.0998,0.0955,100.0,35.3055,0,0,1, ,0,0,0,4010.0,0.000997506234413965,1.0,False
3,County,2290,0,0,2,290,NNNNN,6,"Yukon-Koyukuk Census Area, Alaska",American Indian (Blackfeet),10.0,10.0,10.0,10.0,10.0,10.0,0.0,0.0,0.0,0.0,0.0,0.0118,0.0,52.7456,0,0,0, ,0,0,0,4010.0,0.0,,False
3,County,2290,0,0,2,290,NNNNN,9,"Yukon-Koyukuk Census Area, Alaska",American Indian (Cherokee),25.0,15.0,25.0,10.0,25.0,10.0,0.0,4.0,0.0,0.0,0.0,0.0155,0.0,35.9105,0,0,0, ,0,0,0,4010.0,0.0,,False
3,County,2290,0,0,2,290,NNNNN,37,"Yukon-Koyukuk Census Area, Alaska",American Indian (Sioux),10.0,4.0,4.0,4.0,4.0,4.0,0.0,0.0,0.0,0.0,0.0,0.0099,0.0,25.3314,0,0,0, ,0,0,0,4010.0,0.0,,False
3,County,2290,0,0,2,290,NNNNN,46,"Yukon-Koyukuk Census Area, Alaska",American Indian - Tribe not Specified,15.0,10.0,4.0,4.0,4.0,4.0,0.0,4.0,0.0,0.0,0.0,0.0196,0.0,47.8131,0,0,0, ,0,0,0,4010.0,0.0,,False
3,County,2290,0,0,2,290,NNNNN,47,"Yukon-Koyukuk Census Area, Alaska",Alaskan Athabascan,3825.0,75.0,2680.0,50.0,2680.0,50.0,115.0,20.0,25.0,10.0,2.8678,0.5448,21.7391,12.162,0,0,1, ,0,1,1,4010.0,0.028678304239401497,0.21739130434782608,False
3,County,2290,0,0,2,290,NNNNN,48,"Yukon-Koyukuk Census Area, Alaska",Aleut,35.0,20.0,15.0,10.0,15.0,10.0,0.0,4.0,0.0,0.0,0.0,0.0162,0.0,74.654,0,0,0, ,0,0,0,4010.0,0.0,,False
3,County,2290,0,0,2,290,NNNNN,49,"Yukon-Koyukuk Census Area, Alaska",Inupiat,205.0,45.0,110.0,30.0,110.0,30.0,4.0,4.0,0.0,4.0,0.0998,0.1462,0.0,31.8194,0,0,0, ,0,1,1,4010.0,0.000997506234413965,0.0,False
3,County,2290,0,0,2,290,NNNNN,50,"Yukon-Koyukuk Census Area, Alaska",Tlingit-Haida,4.0,4.0,4.0,4.0,4.0,4.0,0.0,0.0,0.0,0.0,0.0,0.0107,0.0,27.4758,0,0,0, ,0,0,0,4010.0,0.0,,False
3,County,2290,0,0,2,290,NNNNN,52,"Yukon-Koyukuk Census Area, Alaska",Yup'ik,80.0,35.0,50.0,25.0,50.0,25.0,4.0,4.0,0.0,4.0,0.0998,0.1498,0.0,51.3201,0,0,0, ,0,0,0,4010.0,0.000997506234413965,0.0,False
3,County,2290,0,0,2,290,NNNNN,53,"Yukon-Koyukuk Census Area, Alaska",Alaska Native Tribe - Tribe not Specified,105.0,40.0,65.0,20.0,65.0,20.0,4.0,4.0,4.0,4.0,0.0998,0.0891,100.0,42.134,0,0,1, ,0,0,0,4010.0,0.000997506234413965,1.0,False
3,County,2290,0,0,2,290,NNNNN,54,"Yukon-Koyukuk Census Area, Alaska",American Indian (American Indian or Alaska Native - Not Specified),10.0,10.0,4.0,4.0,4.0,4.0,0.0,4.0,0.0,0.0,0.0,0.0187,0.0,59.3896,0,0,0, ,0,0,0,4010.0,0.0,,False
3,County,2290,0,0,2,290,NNNNN,60,"Yukon-Koyukuk Census Area, Alaska",Filipino,40.0,0.0,25.0,15.0,15.0,10.0,4.0,4.0,0.0,4.0,0.0998,0.1262,0.0,18.2184,0,0,0, ,0,0,0,4010.0,0.000997506234413965,0.0,False
